<!--
* Copyright (C) 2012, Freescale Semiconductor, Inc. All Rights Reserved.
* The CFG element contains a list of recognized usb devices.
*  DEV elements provide a name, class, vid and pid for each device.
*
* Each LIST element contains a list of update instructions.
*  "Install" - Erase media and install firmware.
*  "Update" - Update firmware only.
*
* Each CMD element contains one update instruction of attribute type.
*  "pull" - Does UtpRead(body, file) transaction.
*  "push" - Does UtpWrite(body, file) transaction.
*  "drop" - Does UtpCommand(body) then waits for device to disconnect.
*  "boot" - Finds configured device, forces it to "body" device and downloads "file".
*  "find" - Waits for "timeout" seconds for the "body" device to connect.
*  "show" - Parse and show device info in "file".  
-->


<UCL>
  <CFG>
    <STATE name="BootStrap" dev="MX6SL" vid="15A2" pid="0063"/>
    <STATE name="BootStrap" dev="MX6D" vid="15A2" pid="0061"/>
    <STATE name="BootStrap" dev="MX6Q" vid="15A2" pid="0054"/>
    <STATE name="BootStrap" dev="MX6SX" vid="15A2" pid="0071"/>
    <STATE name="BootStrap" dev="MX6UL" vid="15A2" pid="007D"/>
    <STATE name="BootStrap" dev="MX7D" vid="15A2" pid="0076"/>
    <STATE name="Updater"   dev="MSC" vid="066F" pid="37FF"/>
  </CFG>

  

  <LIST name="SDCard" desc="Choose SD Card as media">
	<CMD state="BootStrap" type="boot" body="BootStrap" file ="firmware/u-boot-imx6q%plus%%board%_sd.imx" ifdev="MX6Q">Loading U-boot 1</CMD>
	<CMD state="BootStrap" type="boot" body="BootStrap" file ="firmware/u-boot-imx6dl%board%_sd.imx" ifdev="MX6D">Loading U-boot 2</CMD>
	<CMD state="BootStrap" type="boot" body="BootStrap" file ="firmware/u-boot-imx6slevk_sd.imx" ifdev="MX6SL">Loading U-boot 3</CMD>
	<CMD state="BootStrap" type="boot" body="BootStrap" file ="firmware/u-boot-imx6sx%sxuboot%_sd.imx" ifdev="MX6SX">Loading U-boot 4</CMD>
	<CMD state="BootStrap" type="boot" body="BootStrap" file ="firmware/u-boot-imx7d%7duboot%_sd.imx" ifdev="MX7D">Loading U-boot 5</CMD>
	<CMD state="BootStrap" type="boot" body="BootStrap" file ="firmware/u-boot-imx6ul%6uluboot%_%7dnor%.imx" ifdev="MX6UL">Loading U-boot 6</CMD>
		
	<CMD state="BootStrap" type="load" file="firmware/zImage" address="0x12000000"
		loadSection="OTH" setSection="OTH" HasFlashHeader="FALSE" ifdev="MX6Q MX6D">Loading Kernel.</CMD>
	<CMD state="BootStrap" type="load" file="firmware/zImage" address="0x80800000"
		loadSection="OTH" setSection="OTH" HasFlashHeader="FALSE" ifdev="MX6SL MX6SX MX7D MX6UL">Loading Kernel.</CMD>

	<CMD state="BootStrap" type="load" file="firmware/%initramfs%" address="0x12C00000"
		loadSection="OTH" setSection="OTH" HasFlashHeader="FALSE" ifdev="MX6Q MX6D">Loading Initramfs.</CMD>
	<CMD state="BootStrap" type="load" file="firmware/%initramfs%" address="0x83800000"
		loadSection="OTH" setSection="OTH" HasFlashHeader="FALSE" ifdev="MX6SL MX6SX MX7D MX6UL">Loading Initramfs.</CMD>

	<CMD state="BootStrap" type="load" file="firmware/zImage-imx6q%plus%-%board%%ldo%.dtb" address="0x18000000"
		loadSection="OTH" setSection="OTH" HasFlashHeader="FALSE" ifdev="MX6Q">Loading device tree.</CMD>
	<CMD state="BootStrap" type="load" file="firmware/zImage-imx6dl-%board%%ldo%.dtb" address="0x18000000"
		loadSection="OTH" setSection="OTH" HasFlashHeader="FALSE" ifdev="MX6D">Loading device tree.</CMD>
	<CMD state="BootStrap" type="load" file="firmware/zImage-imx6sl-evk%ldo%.dtb" address="0x83000000"
		loadSection="OTH" setSection="OTH" HasFlashHeader="FALSE" ifdev="MX6SL">Loading device tree.</CMD>
	<CMD state="BootStrap" type="load" file="firmware/zImage-imx6sx-%sxdtb%.dtb" address="0x83000000"
		loadSection="OTH" setSection="OTH" HasFlashHeader="FALSE" ifdev="MX6SX">Loading device tree.</CMD>
	<CMD state="BootStrap" type="load" file="firmware/zImage-imx7d-%7ddtb%.dtb" address="0x83000000"
		loadSection="OTH" setSection="OTH" HasFlashHeader="FALSE" ifdev="MX7D">Loading device tree.</CMD>
	<CMD state="BootStrap" type="load" file="firmware/zImage-imx6ul-%6uldtb%.dtb" address="0x83000000"
		loadSection="OTH" setSection="OTH" HasFlashHeader="FALSE" ifdev="MX6UL">Loading device tree.</CMD>


	<CMD state="BootStrap" type="jump" > Jumping to OS image. </CMD>


	<!-- create partition -->
	<CMD state="Updater" type="push" body="send" file="mksdcard.sh.tar">Sending partition shell</CMD>
	<CMD state="Updater" type="push" body="$ tar xf $FILE "> Partitioning...</CMD>
	<CMD state="Updater" type="push" body="$ sh mksdcard.sh /dev/mmcblk%mmc%"> Partitioning...</CMD>

	<!-- burn uboot -->
	<CMD state="Updater" type="push" body="send" file="files/u-boot-imx6q%plus%%board%_sd.imx" ifdev="MX6Q">Sending u-boot.bin</CMD>
	<CMD state="Updater" type="push" body="send" file="files/u-boot-imx6dl%board%_sd.imx" ifdev="MX6D">Sending u-boot.bin</CMD>
	<CMD state="Updater" type="push" body="send" file="files/u-boot-imx6slevk_sd.imx" ifdev="MX6SL">Sending u-boot.bin</CMD>
	<CMD state="Updater" type="push" body="send" file="files/u-boot-imx6sx%sxuboot%_sd.imx" ifdev="MX6SX">Sending u-boot.bin</CMD>
	<CMD state="Updater" type="push" body="send" file="files/u-boot-imx7d%7duboot%_sd.imx" ifdev="MX7D">Sending u-boot.bin</CMD>
	<CMD state="Updater" type="push" body="send" file="files/u-boot-imx6ul%6uluboot%_sd.imx" ifdev="MX6UL">Sending u-boot.bin</CMD>

	<CMD state="Updater" type="push" body="$ dd if=/dev/zero of=/dev/mmcblk%mmc% bs=1k seek=384 conv=fsync count=129">clear u-boot arg</CMD>
	<CMD state="Updater" type="push" body="$ dd if=$FILE of=/dev/mmcblk%mmc% bs=1k seek=1 conv=fsync">write u-boot.bin to sd card</CMD>

	<CMD state="Updater" type="push" body="$ mkfs.vfat /dev/mmcblk%mmc%p1">Formatting rootfs partition</CMD>
	<CMD state="Updater" type="push" body="$ mkdir -p /mnt/mmcblk%mmc%p1"/>
	<CMD state="Updater" type="push" body="$ mount -t vfat /dev/mmcblk%mmc%p1 /mnt/mmcblk%mmc%p1"/>

	<!-- burn zImage -->
	<CMD state="Updater" type="push" body="send" file="files/zImage">Sending kernel</CMD>
	<CMD state="Updater" type="push" body="$ cp $FILE /mnt/mmcblk%mmc%p1/zImage">write kernel image to sd card</CMD>

	<!-- burn dtb -->
	<CMD state="Updater" type="push" body="send" file="files/zImage-imx6q%plus%-%board%%ldo%.dtb" ifdev="MX6Q">Sending Device Tree file</CMD>
	<CMD state="Updater" type="push" body="send" file="files/zImage-imx6dl-%board%%ldo%.dtb" ifdev="MX6D">Sending Device Tree file</CMD>
	<CMD state="Updater" type="push" body="send" file="files/zImage-imx6sl-evk%ldo%.dtb" ifdev="MX6SL">Sending Device Tree file</CMD>
	<CMD state="Updater" type="push" body="send" file="files/zImage-imx6sx-%sxdtb%.dtb" ifdev="MX6SX">Sending Device Tree file</CMD>
	<CMD state="Updater" type="push" body="send" file="files/zImage-imx7d-%7ddtb%.dtb" ifdev="MX7D">Sending Device Tree file</CMD>
	<CMD state="Updater" type="push" body="send" file="files/zImage-imx6ul-%6uldtb%.dtb" ifdev="MX6UL">Sending Device Tree file</CMD>

	<CMD state="Updater" type="push" body="$ cp $FILE /mnt/mmcblk%mmc%p1/imx6q%plus%-%board%.dtb" ifdef="MX6Q">write device tree to sd card</CMD>
	<CMD state="Updater" type="push" body="$ cp $FILE /mnt/mmcblk%mmc%p1/imx6dl-%board%.dtb" ifdef="MX6D">write device tree to sd card</CMD>
	<CMD state="Updater" type="push" body="$ cp $FILE /mnt/mmcblk%mmc%p1/imx6sl-evk.dtb" ifdef="MX6SL">write device tree to sd card</CMD>
	<CMD state="Updater" type="push" body="$ cp $FILE /mnt/mmcblk%mmc%p1/imx6sx-%sxdtb%.dtb" ifdef="MX6SX">write device tree to sd card</CMD>
	<CMD state="Updater" type="push" body="$ cp $FILE /mnt/mmcblk%mmc%p1/imx7d-%7ddtb%.dtb" ifdef="MX7D">write device tree to sd card</CMD>
	<CMD state="Updater" type="push" body="$ cp $FILE /mnt/mmcblk%mmc%p1/imx6ul-%6uldtb%.dtb" ifdef="MX6UL">write device tree to sd card</CMD>


	<CMD state="Updater" type="push" body="$ umount /mnt/mmcblk%mmc%p1">Unmounting vfat partition</CMD>

	<!-- burn rootfs -->
	<CMD state="Updater" type="push" body="$ mkfs.ext3 -j /dev/mmcblk%mmc%p2">Formatting rootfs partition</CMD>
	<CMD state="Updater" type="push" body="$ mkdir -p /mnt/mmcblk%mmc%p2"/>
	<CMD state="Updater" type="push" body="$ mount -t ext3 /dev/mmcblk%mmc%p2 /mnt/mmcblk%mmc%p2"/>
	<CMD state="Updater" type="push" body="pipe tar -jxv -C /mnt/mmcblk%mmc%p2" file="files/rootfs.tar.bz2" ifdev="MX6SL MX6D MX6Q MX6SX">Sending and writting rootfs</CMD>
	<CMD state="Updater" type="push" body="pipe tar -jxv -C /mnt/mmcblk%mmc%p2" file="files/rootfs_nogpu.tar.bz2" ifdev="MX6UL MX7D">Sending and writting rootfs</CMD>
	<CMD state="Updater" type="push" body="frf">Finishing rootfs write</CMD>
	<CMD state="Updater" type="push" body="$ umount /mnt/mmcblk%mmc%p2">Unmounting rootfs partition</CMD>
	<CMD state="Updater" type="push" body="$ echo Update Complete!">Done</CMD>
  </LIST>
  <LIST name="SDCard-Android-IMX6Q-SabreSD" desc="Choose SD Card as media">
	<CMD state="BootStrap" type="boot" body="BootStrap" file ="firmware/u-boot-imx6q%board%_sd.imx" ifdev="MX6Q">Loading U-boot</CMD>
	<CMD state="BootStrap" type="boot" body="BootStrap" file ="firmware/u-boot-imx6dl%board%_sd.imx" ifdev="MX6D">Loading U-boot</CMD>
	<CMD state="BootStrap" type="boot" body="BootStrap" file ="firmware/u-boot-imx6slevk_sd.imx" ifdev="MX6SL">Loading U-boot</CMD>

	<CMD state="BootStrap" type="load" file="firmware/zImage" address="0x12000000"
		loadSection="OTH" setSection="OTH" HasFlashHeader="FALSE" ifdev="MX6Q MX6D">Loading Kernel.</CMD>

	<CMD state="BootStrap" type="load" file="firmware/%initramfs%" address="0x12C00000"
		loadSection="OTH" setSection="OTH" HasFlashHeader="FALSE" ifdev="MX6Q MX6D">Loading Initramfs.</CMD>
	<CMD state="BootStrap" type="load" file="firmware/%initramfs%" address="0x83800000"
		loadSection="OTH" setSection="OTH" HasFlashHeader="FALSE" ifdev="MX6SL">Loading Initramfs.</CMD>

	<CMD state="BootStrap" type="load" file="firmware/zImage-imx6q-%board%%ldo%.dtb" address="0x18000000"
		loadSection="OTH" setSection="OTH" HasFlashHeader="FALSE" ifdev="MX6Q">Loading device tree.</CMD>
	<CMD state="BootStrap" type="load" file="firmware/zImage-imx6dl-%board%%ldo%.dtb" address="0x18000000"
		loadSection="OTH" setSection="OTH" HasFlashHeader="FALSE" ifdev="MX6D">Loading device tree.</CMD>
	<CMD state="BootStrap" type="load" file="firmware/zImage-imx6sl-evk%ldo%.dtb" address="0x83000000"
		loadSection="OTH" setSection="OTH" HasFlashHeader="FALSE" ifdev="MX6SL">Loading device tree.</CMD>

	<CMD state="BootStrap" type="jump" > Jumping to OS image. </CMD>


	<!-- create partition -->
	<CMD state="Updater" type="push" body="send" file="mksdcard-android%data_type%.sh.tar">Sending partition shell</CMD>
	<CMD state="Updater" type="push" body="$ tar xf $FILE "> Partitioning...</CMD>
	<CMD state="Updater" type="push" body="$ sh mksdcard-android%data_type%.sh /dev/mmcblk%mmc%"> Partitioning...</CMD>

	<!-- burn uboot -->
	<CMD state="Updater" type="push" body="send" file="files/android/sabresd/u-boot-imx6q.imx" ifdev="MX6Q">Sending u-boot.bin</CMD>
	<CMD state="Updater" type="push" body="$ dd if=/dev/zero of=/dev/mmcblk%mmc% bs=1k seek=384 conv=fsync count=129">clear u-boot arg</CMD>
	<CMD state="Updater" type="push" body="$ dd if=$FILE of=/dev/mmcblk%mmc% bs=1k seek=1 conv=fsync">write u-boot.bin to sd card</CMD>

	<CMD state="Updater" type="push" body="$ ls -l /dev/mmc* ">Formatting sd partition</CMD>

	<CMD state="Updater" type="push" body="send" file="files/android/sabresd/boot-imx6q%ldo%.img" ifdev="MX6Q">Sending and writting boot.img</CMD>
	<CMD state="Updater" type="push" body="$ dd if=$FILE of=/dev/mmcblk%mmc%p1">write boot.img</CMD>


	<CMD state="Updater" type="push" body="$ mkfs.ext4 /dev/mmcblk%mmc%p5">Formatting system partition</CMD>
	<CMD state="Updater" type="push" body="$ mkfs.ext4 /dev/mmcblk%mmc%p6">Formatting cache partition</CMD>

	<CMD state="Updater" type="push" body="$ mkfs.ext4 /dev/mmcblk%mmc%p7">Formatting device partition</CMD>
	<CMD state="Updater" type="push" body="$ mount -o remount,size=512M rootfs /">change size of tmpfs</CMD>
	<CMD state="Updater" type="push" body="send" file="files/android/sabresd/system.img" ifdev="MX6Q">Sending system.img</CMD>
	<CMD state="Updater" type="push" body="$ simg2img $FILE /dev/mmcblk%mmc%p5">writting sparse system.img</CMD>
	<!-- Write userdata.img is optional, for some customer this is needed, but it's optional. -->
	<!-- Also, userdata.img will have android unit test, you can use this to do some auto test. -->
	<!--	<CMD state="Updater" type="push" onError="ignore" body="pipe dd of=/dev/mmcblk0p7" file="file/android/userdate.img"> Sending userdata.img(optional) </CMD>
	<CMD state="Updater" type="push" body="frf">flush the memory.</CMD>  -->
	<CMD state="Updater" type="push" body="pipe dd of=/dev/mmcblk%mmc%p2 bs=512" file="files/android/sabresd/recovery-imx6q%ldo%.img" ifdev="MX6Q">Sending and writting recovery.img</CMD>
	<CMD state="Updater" type="push" body="$ sync">Sync file system</CMD>
	<CMD state="Updater" type="push" body="frf">Finishing rootfs write</CMD>

	<CMD state="Updater" type="push" body="$ echo Update Complete!">Done</CMD>
  </LIST>

  <LIST name="SDCard-Android-IMX6DL-SabreSD" desc="Choose SD Card as media">
	<CMD state="BootStrap" type="boot" body="BootStrap" file ="firmware/u-boot-imx6q%board%_sd.imx" ifdev="MX6Q">Loading U-boot</CMD>
	<CMD state="BootStrap" type="boot" body="BootStrap" file ="firmware/u-boot-imx6dl%board%_sd.imx" ifdev="MX6D">Loading U-boot</CMD>
	<CMD state="BootStrap" type="boot" body="BootStrap" file ="firmware/u-boot-imx6slevk_sd.imx" ifdev="MX6SL">Loading U-boot</CMD>

	<CMD state="BootStrap" type="load" file="firmware/zImage" address="0x12000000"
		loadSection="OTH" setSection="OTH" HasFlashHeader="FALSE" ifdev="MX6Q MX6D">Loading Kernel.</CMD>
	<CMD state="BootStrap" type="load" file="firmware/zImage" address="0x80800000"
		loadSection="OTH" setSection="OTH" HasFlashHeader="FALSE" ifdev="MX6SL">Loading Kernel.</CMD>

	<CMD state="BootStrap" type="load" file="firmware/%initramfs%" address="0x12C00000"
		loadSection="OTH" setSection="OTH" HasFlashHeader="FALSE" ifdev="MX6Q MX6D">Loading Initramfs.</CMD>
	<CMD state="BootStrap" type="load" file="firmware/%initramfs%" address="0x83800000"
		loadSection="OTH" setSection="OTH" HasFlashHeader="FALSE" ifdev="MX6SL">Loading Initramfs.</CMD>

	<CMD state="BootStrap" type="load" file="firmware/zImage-imx6q-%board%%ldo%.dtb" address="0x18000000"
		loadSection="OTH" setSection="OTH" HasFlashHeader="FALSE" ifdev="MX6Q">Loading device tree.</CMD>
	<CMD state="BootStrap" type="load" file="firmware/zImage-imx6dl-%board%%ldo%.dtb" address="0x18000000"
		loadSection="OTH" setSection="OTH" HasFlashHeader="FALSE" ifdev="MX6D">Loading device tree.</CMD>
	<CMD state="BootStrap" type="load" file="firmware/zImage-imx6sl-evk%ldo%.dtb" address="0x83000000"
		loadSection="OTH" setSection="OTH" HasFlashHeader="FALSE" ifdev="MX6SL">Loading device tree.</CMD>

	<CMD state="BootStrap" type="jump" > Jumping to OS image. </CMD>


	<!-- create partition -->
	<CMD state="Updater" type="push" body="send" file="mksdcard-android%data_type%.sh.tar">Sending partition shell</CMD>
	<CMD state="Updater" type="push" body="$ tar xf $FILE "> Partitioning...</CMD>
	<CMD state="Updater" type="push" body="$ sh mksdcard-android%data_type%.sh /dev/mmcblk%mmc%"> Partitioning...</CMD>

	<!-- burn uboot -->
	<CMD state="Updater" type="push" body="send" file="files/android/sabresd/u-boot-imx6dl.imx" ifdev="MX6D">Sending u-boot.bin</CMD>
	<CMD state="Updater" type="push" body="$ dd if=/dev/zero of=/dev/mmcblk%mmc% bs=1k seek=384 conv=fsync count=129">clear u-boot arg</CMD>
	<CMD state="Updater" type="push" body="$ dd if=$FILE of=/dev/mmcblk%mmc% bs=1k seek=1 conv=fsync">write u-boot.bin to sd card</CMD>

	<CMD state="Updater" type="push" body="$ ls -l /dev/mmc* ">Formatting sd partition</CMD>

	<CMD state="Updater" type="push" body="send" file="files/android/sabresd/boot-imx6dl.img" ifdev="MX6D">Sending and writting boot.img</CMD>
	<CMD state="Updater" type="push" body="$ dd if=$FILE of=/dev/mmcblk%mmc%p1">write boot.img</CMD>


	<CMD state="Updater" type="push" body="$ mkfs.ext4 /dev/mmcblk%mmc%p5">Formatting system partition</CMD>
	<CMD state="Updater" type="push" body="$ mkfs.ext4 /dev/mmcblk%mmc%p6">Formatting cache partition</CMD>

	<CMD state="Updater" type="push" body="$ mkfs.ext4 /dev/mmcblk%mmc%p7">Formatting device partition</CMD>
        <CMD state="Updater" type="push" body="$ mount -o remount,size=512M rootfs /">change size of tmpfs</CMD>
        <CMD state="Updater" type="push" body="send" file="files/android/sabresd/system.img" ifdev="MX6D">Sending system.img</CMD>
        <CMD state="Updater" type="push" body="$ simg2img $FILE /dev/mmcblk%mmc%p5">writting sparse system.img</CMD>

	<!-- Write userdata.img is optional, for some customer this is needed, but it's optional. -->
	<!-- Also, userdata.img will have android unit test, you can use this to do some auto test. -->
	<!--	<CMD state="Updater" type="push" onError="ignore" body="pipe dd of=/dev/mmcblk0p7" file="file/android/userdate.img"> Sending userdata.img(optional) </CMD>
	<CMD state="Updater" type="push" body="frf">flush the memory.</CMD>  -->
	<CMD state="Updater" type="push" body="pipe dd of=/dev/mmcblk%mmc%p2 bs=512" file="files/android/sabresd/recovery-imx6dl.img" ifdev="MX6D">Sending and writting recovery.img</CMD>
	<CMD state="Updater" type="push" body="$ sync">Sync file system</CMD>
	<CMD state="Updater" type="push" body="frf">Finishing rootfs write</CMD>

	<CMD state="Updater" type="push" body="$ echo Update Complete!">Done</CMD>
  </LIST>

  <LIST name="SDCard-Android-IMX6Q-SabreAuto" desc="Choose SD Card as media">
	<CMD state="BootStrap" type="boot" body="BootStrap" file ="firmware/u-boot-imx6q%board%_sd.imx" ifdev="MX6Q">Loading U-boot</CMD>
	<CMD state="BootStrap" type="boot" body="BootStrap" file ="firmware/u-boot-imx6dl%board%_sd.imx" ifdev="MX6D">Loading U-boot</CMD>
	<CMD state="BootStrap" type="boot" body="BootStrap" file ="firmware/u-boot-imx6slevk_sd.imx" ifdev="MX6SL">Loading U-boot</CMD>

	<CMD state="BootStrap" type="load" file="firmware/zImage" address="0x12000000"
		loadSection="OTH" setSection="OTH" HasFlashHeader="FALSE" ifdev="MX6Q MX6D">Loading Kernel.</CMD>
	<CMD state="BootStrap" type="load" file="firmware/zImage" address="0x80800000"
		loadSection="OTH" setSection="OTH" HasFlashHeader="FALSE" ifdev="MX6SL">Loading Kernel.</CMD>

	<CMD state="BootStrap" type="load" file="firmware/%initramfs%" address="0x12C00000"
		loadSection="OTH" setSection="OTH" HasFlashHeader="FALSE" ifdev="MX6Q MX6D">Loading Initramfs.</CMD>
	<CMD state="BootStrap" type="load" file="firmware/%initramfs%" address="0x83800000"
		loadSection="OTH" setSection="OTH" HasFlashHeader="FALSE" ifdev="MX6SL">Loading Initramfs.</CMD>

	<CMD state="BootStrap" type="load" file="firmware/zImage-imx6q-%board%.dtb" address="0x18000000"
		loadSection="OTH" setSection="OTH" HasFlashHeader="FALSE" ifdev="MX6Q">Loading device tree.</CMD>
	<CMD state="BootStrap" type="load" file="firmware/zImage-imx6dl-%board%.dtb" address="0x18000000"
		loadSection="OTH" setSection="OTH" HasFlashHeader="FALSE" ifdev="MX6D">Loading device tree.</CMD>
	<CMD state="BootStrap" type="load" file="firmware/zImage-imx6sl-evk.dtb" address="0x83000000"
		loadSection="OTH" setSection="OTH" HasFlashHeader="FALSE" ifdev="MX6SL">Loading device tree.</CMD>

	<CMD state="BootStrap" type="jump" > Jumping to OS image. </CMD>


	<!-- create partition -->
	<CMD state="Updater" type="push" body="send" file="mksdcard-android%data_type%.sh.tar">Sending partition shell</CMD>
	<CMD state="Updater" type="push" body="$ tar xf $FILE "> Partitioning...</CMD>
	<CMD state="Updater" type="push" body="$ sh mksdcard-android%data_type%.sh /dev/mmcblk%mmc%"> Partitioning...</CMD>

	<!-- burn uboot -->
	<CMD state="Updater" type="push" body="send" file="files/android/sabreauto/u-boot-imx6q.imx" ifdev="MX6Q">Sending u-boot.bin</CMD>
	<CMD state="Updater" type="push" body="$ dd if=/dev/zero of=/dev/mmcblk%mmc% bs=1k seek=384 conv=fsync count=129">clear u-boot arg</CMD>
	<CMD state="Updater" type="push" body="$ dd if=$FILE of=/dev/mmcblk%mmc% bs=1k seek=1 conv=fsync">write u-boot.bin to sd card</CMD>

	<CMD state="Updater" type="push" body="$ ls -l /dev/mmc* ">Formatting sd partition</CMD>

	<CMD state="Updater" type="push" body="send" file="files/android/sabreauto/boot-imx6q.img" ifdev="MX6Q">Sending and writting boot.img</CMD>
	<CMD state="Updater" type="push" body="$ dd if=$FILE of=/dev/mmcblk%mmc%p1">write boot.img</CMD>


	<CMD state="Updater" type="push" body="$ mkfs.ext4 /dev/mmcblk%mmc%p5">Formatting system partition</CMD>
	<CMD state="Updater" type="push" body="$ mkfs.ext4 /dev/mmcblk%mmc%p6">Formatting cache partition</CMD>

	<CMD state="Updater" type="push" body="$ mkfs.ext4 /dev/mmcblk%mmc%p7">Formatting device partition</CMD>
        <CMD state="Updater" type="push" body="$ mount -o remount,size=512M rootfs /">change size of tmpfs</CMD>
        <CMD state="Updater" type="push" body="send" file="files/android/sabreauto/system.img" ifdev="MX6Q">Sending system.img</CMD>
        <CMD state="Updater" type="push" body="$ simg2img $FILE /dev/mmcblk%mmc%p5">writting sparse system.img</CMD>

	<!-- Write userdata.img is optional, for some customer this is needed, but it's optional. -->
	<!-- Also, userdata.img will have android unit test, you can use this to do some auto test. -->
	<!--	<CMD state="Updater" type="push" onError="ignore" body="pipe dd of=/dev/mmcblk0p7" file="file/android/userdate.img"> Sending userdata.img(optional) </CMD>
	<CMD state="Updater" type="push" body="frf">flush the memory.</CMD>  -->
	<CMD state="Updater" type="push" body="pipe dd of=/dev/mmcblk%mmc%p2 bs=512" file="files/android/sabreauto/recovery-imx6q.img" ifdev="MX6Q">Sending and writting recovery.img</CMD>
	<CMD state="Updater" type="push" body="$ sync">Sync file system</CMD>
	<CMD state="Updater" type="push" body="frf">Finishing rootfs write</CMD>

	<CMD state="Updater" type="push" body="$ echo Update Complete!">Done</CMD>
  </LIST>

  <LIST name="SDCard-Android-IMX6QP-SabreAuto" desc="Choose SD Card as media">
	<CMD state="BootStrap" type="boot" body="BootStrap" file ="firmware/u-boot-imx6qp%board%_sd.imx" ifdev="MX6Q">Loading U-boot</CMD>
	<CMD state="BootStrap" type="boot" body="BootStrap" file ="firmware/u-boot-imx6dl%board%_sd.imx" ifdev="MX6D">Loading U-boot</CMD>
	<CMD state="BootStrap" type="boot" body="BootStrap" file ="firmware/u-boot-imx6slevk_sd.imx" ifdev="MX6SL">Loading U-boot</CMD>

	<CMD state="BootStrap" type="load" file="firmware/zImage" address="0x12000000"
		loadSection="OTH" setSection="OTH" HasFlashHeader="FALSE" ifdev="MX6Q MX6D">Loading Kernel.</CMD>
	<CMD state="BootStrap" type="load" file="firmware/zImage" address="0x80800000"
		loadSection="OTH" setSection="OTH" HasFlashHeader="FALSE" ifdev="MX6SL">Loading Kernel.</CMD>

	<CMD state="BootStrap" type="load" file="firmware/%initramfs%" address="0x12C00000"
		loadSection="OTH" setSection="OTH" HasFlashHeader="FALSE" ifdev="MX6Q MX6D">Loading Initramfs.</CMD>
	<CMD state="BootStrap" type="load" file="firmware/%initramfs%" address="0x83800000"
		loadSection="OTH" setSection="OTH" HasFlashHeader="FALSE" ifdev="MX6SL">Loading Initramfs.</CMD>

	<CMD state="BootStrap" type="load" file="firmware/zImage-imx6qp-%board%.dtb" address="0x18000000"
		loadSection="OTH" setSection="OTH" HasFlashHeader="FALSE" ifdev="MX6Q">Loading device tree.</CMD>
	<CMD state="BootStrap" type="load" file="firmware/zImage-imx6dl-%board%.dtb" address="0x18000000"
		loadSection="OTH" setSection="OTH" HasFlashHeader="FALSE" ifdev="MX6D">Loading device tree.</CMD>
	<CMD state="BootStrap" type="load" file="firmware/zImage-imx6sl-evk.dtb" address="0x83000000"
		loadSection="OTH" setSection="OTH" HasFlashHeader="FALSE" ifdev="MX6SL">Loading device tree.</CMD>

	<CMD state="BootStrap" type="jump" > Jumping to OS image. </CMD>


	<!-- create partition -->
	<CMD state="Updater" type="push" body="send" file="mksdcard-android%data_type%.sh.tar">Sending partition shell</CMD>
	<CMD state="Updater" type="push" body="$ tar xf $FILE "> Partitioning...</CMD>
	<CMD state="Updater" type="push" body="$ sh mksdcard-android%data_type%.sh /dev/mmcblk%mmc%"> Partitioning...</CMD>

	<!-- burn uboot -->
	<CMD state="Updater" type="push" body="send" file="files/android/sabreauto/u-boot-imx6qp.imx" ifdev="MX6Q">Sending u-boot.bin</CMD>
	<CMD state="Updater" type="push" body="$ dd if=/dev/zero of=/dev/mmcblk%mmc% bs=1k seek=384 conv=fsync count=129">clear u-boot arg</CMD>
	<CMD state="Updater" type="push" body="$ dd if=$FILE of=/dev/mmcblk%mmc% bs=1k seek=1 conv=fsync">write u-boot.bin to sd card</CMD>

	<CMD state="Updater" type="push" body="$ ls -l /dev/mmc* ">Formatting sd partition</CMD>

	<CMD state="Updater" type="push" body="send" file="files/android/sabreauto/boot-imx6qp.img" ifdev="MX6Q">Sending and writting boot.img</CMD>
	<CMD state="Updater" type="push" body="$ dd if=$FILE of=/dev/mmcblk%mmc%p1">write boot.img</CMD>


	<CMD state="Updater" type="push" body="$ mkfs.ext4 /dev/mmcblk%mmc%p5">Formatting system partition</CMD>
	<CMD state="Updater" type="push" body="$ mkfs.ext4 /dev/mmcblk%mmc%p6">Formatting cache partition</CMD>

	<CMD state="Updater" type="push" body="$ mkfs.ext4 /dev/mmcblk%mmc%p7">Formatting device partition</CMD>
        <CMD state="Updater" type="push" body="$ mount -o remount,size=512M rootfs /">change size of tmpfs</CMD>
        <CMD state="Updater" type="push" body="send" file="files/android/sabreauto/system.img" ifdev="MX6Q">Sending system.img</CMD>
        <CMD state="Updater" type="push" body="$ simg2img $FILE /dev/mmcblk%mmc%p5">writting sparse system.img</CMD>

	<!-- Write userdata.img is optional, for some customer this is needed, but it's optional. -->
	<!-- Also, userdata.img will have android unit test, you can use this to do some auto test. -->
	<!--	<CMD state="Updater" type="push" onError="ignore" body="pipe dd of=/dev/mmcblk0p7" file="file/android/userdate.img"> Sending userdata.img(optional) </CMD>
	<CMD state="Updater" type="push" body="frf">flush the memory.</CMD>  -->
	<CMD state="Updater" type="push" body="pipe dd of=/dev/mmcblk%mmc%p2 bs=512" file="files/android/sabreauto/recovery-imx6qp.img" ifdev="MX6Q">Sending and writting recovery.img</CMD>
	<CMD state="Updater" type="push" body="$ sync">Sync file system</CMD>
	<CMD state="Updater" type="push" body="frf">Finishing rootfs write</CMD>

	<CMD state="Updater" type="push" body="$ echo Update Complete!">Done</CMD>
  </LIST>

  <LIST name="SDCard-Android-IMX6DL-SabreAuto" desc="Choose SD Card as media">
	<CMD state="BootStrap" type="boot" body="BootStrap" file ="firmware/u-boot-imx6q%board%_sd.imx" ifdev="MX6Q">Loading U-boot</CMD>
	<CMD state="BootStrap" type="boot" body="BootStrap" file ="firmware/u-boot-imx6dl%board%_sd.imx" ifdev="MX6D">Loading U-boot</CMD>
	<CMD state="BootStrap" type="boot" body="BootStrap" file ="firmware/u-boot-imx6slevk_sd.imx" ifdev="MX6SL">Loading U-boot</CMD>

	<CMD state="BootStrap" type="load" file="firmware/zImage" address="0x12000000"
		loadSection="OTH" setSection="OTH" HasFlashHeader="FALSE" ifdev="MX6Q MX6D">Loading Kernel.</CMD>
	<CMD state="BootStrap" type="load" file="firmware/zImage" address="0x80800000"
		loadSection="OTH" setSection="OTH" HasFlashHeader="FALSE" ifdev="MX6SL">Loading Kernel.</CMD>

	<CMD state="BootStrap" type="load" file="firmware/%initramfs%" address="0x12C00000"
		loadSection="OTH" setSection="OTH" HasFlashHeader="FALSE" ifdev="MX6Q MX6D">Loading Initramfs.</CMD>
	<CMD state="BootStrap" type="load" file="firmware/%initramfs%" address="0x83800000"
		loadSection="OTH" setSection="OTH" HasFlashHeader="FALSE" ifdev="MX6SL">Loading Initramfs.</CMD>

	<CMD state="BootStrap" type="load" file="firmware/zImage-imx6q-%board%.dtb" address="0x18000000"
		loadSection="OTH" setSection="OTH" HasFlashHeader="FALSE" ifdev="MX6Q">Loading device tree.</CMD>
	<CMD state="BootStrap" type="load" file="firmware/zImage-imx6dl-%board%.dtb" address="0x18000000"
		loadSection="OTH" setSection="OTH" HasFlashHeader="FALSE" ifdev="MX6D">Loading device tree.</CMD>
	<CMD state="BootStrap" type="load" file="firmware/zImage-imx6sl-evk.dtb" address="0x83000000"
		loadSection="OTH" setSection="OTH" HasFlashHeader="FALSE" ifdev="MX6SL">Loading device tree.</CMD>

	<CMD state="BootStrap" type="jump" > Jumping to OS image. </CMD>


	<!-- create partition -->
	<CMD state="Updater" type="push" body="send" file="mksdcard-android%data_type%.sh.tar">Sending partition shell</CMD>
	<CMD state="Updater" type="push" body="$ tar xf $FILE "> Partitioning...</CMD>
	<CMD state="Updater" type="push" body="$ sh mksdcard-android%data_type%.sh /dev/mmcblk%mmc%"> Partitioning...</CMD>

	<!-- burn uboot -->
	<CMD state="Updater" type="push" body="send" file="files/android/sabreauto/u-boot-imx6dl.imx" ifdev="MX6D">Sending u-boot.bin</CMD>
	<CMD state="Updater" type="push" body="$ dd if=/dev/zero of=/dev/mmcblk%mmc% bs=1k seek=384 conv=fsync count=129">clear u-boot arg</CMD>
	<CMD state="Updater" type="push" body="$ dd if=$FILE of=/dev/mmcblk%mmc% bs=1k seek=1 conv=fsync">write u-boot.bin to sd card</CMD>

	<CMD state="Updater" type="push" body="$ ls -l /dev/mmc* ">Formatting sd partition</CMD>

	<CMD state="Updater" type="push" body="send" file="files/android/sabreauto/boot-imx6dl.img" ifdev="MX6D">Sending and writting boot.img</CMD>
	<CMD state="Updater" type="push" body="$ dd if=$FILE of=/dev/mmcblk%mmc%p1">write boot.img</CMD>


	<CMD state="Updater" type="push" body="$ mkfs.ext4 /dev/mmcblk%mmc%p5">Formatting system partition</CMD>
	<CMD state="Updater" type="push" body="$ mkfs.ext4 /dev/mmcblk%mmc%p6">Formatting cache partition</CMD>

	<CMD state="Updater" type="push" body="$ mkfs.ext4 /dev/mmcblk%mmc%p7">Formatting device partition</CMD>
        <CMD state="Updater" type="push" body="$ mount -o remount,size=512M rootfs /">change size of tmpfs</CMD>
        <CMD state="Updater" type="push" body="send" file="files/android/sabreauto/system.img" ifdev="MX6D">Sending system.img</CMD>
        <CMD state="Updater" type="push" body="$ simg2img $FILE /dev/mmcblk%mmc%p5">writting sparse system.img</CMD>

	<!-- Write userdata.img is optional, for some customer this is needed, but it's optional. -->
	<!-- Also, userdata.img will have android unit test, you can use this to do some auto test. -->
	<!--	<CMD state="Updater" type="push" onError="ignore" body="pipe dd of=/dev/mmcblk0p7" file="file/android/userdate.img"> Sending userdata.img(optional) </CMD>
	<CMD state="Updater" type="push" body="frf">flush the memory.</CMD>  -->
	<CMD state="Updater" type="push" body="pipe dd of=/dev/mmcblk%mmc%p2 bs=512" file="files/android/sabreauto/recovery-imx6dl.img" ifdev="MX6D">Sending and writting recovery.img</CMD>
	<CMD state="Updater" type="push" body="$ sync">Sync file system</CMD>
	<CMD state="Updater" type="push" body="frf">Finishing rootfs write</CMD>

	<CMD state="Updater" type="push" body="$ echo Update Complete!">Done</CMD>
  </LIST>

  <LIST name="SDCard-Android-IMX6SL-EVK" desc="Choose SD Card as media">
	<CMD state="BootStrap" type="boot" body="BootStrap" file ="firmware/u-boot-imx6q%board%_sd.imx" ifdev="MX6Q">Loading U-boot</CMD>
	<CMD state="BootStrap" type="boot" body="BootStrap" file ="firmware/u-boot-imx6dl%board%_sd.imx" ifdev="MX6D">Loading U-boot</CMD>
	<CMD state="BootStrap" type="boot" body="BootStrap" file ="firmware/u-boot-imx6slevk_sd.imx" ifdev="MX6SL">Loading U-boot</CMD>

	<CMD state="BootStrap" type="load" file="firmware/zImage" address="0x12000000"
		loadSection="OTH" setSection="OTH" HasFlashHeader="FALSE" ifdev="MX6Q MX6D">Loading Kernel.</CMD>
	<CMD state="BootStrap" type="load" file="firmware/zImage" address="0x80800000"
		loadSection="OTH" setSection="OTH" HasFlashHeader="FALSE" ifdev="MX6SL">Loading Kernel.</CMD>

	<CMD state="BootStrap" type="load" file="firmware/%initramfs%" address="0x12C00000"
		loadSection="OTH" setSection="OTH" HasFlashHeader="FALSE" ifdev="MX6Q MX6D">Loading Initramfs.</CMD>
	<CMD state="BootStrap" type="load" file="firmware/%initramfs%" address="0x83800000"
		loadSection="OTH" setSection="OTH" HasFlashHeader="FALSE" ifdev="MX6SL">Loading Initramfs.</CMD>

	<CMD state="BootStrap" type="load" file="firmware/zImage-imx6q-%board%%ldo%.dtb" address="0x18000000"
		loadSection="OTH" setSection="OTH" HasFlashHeader="FALSE" ifdev="MX6Q">Loading device tree.</CMD>
	<CMD state="BootStrap" type="load" file="firmware/zImage-imx6dl-%board%%ldo%.dtb" address="0x18000000"
		loadSection="OTH" setSection="OTH" HasFlashHeader="FALSE" ifdev="MX6D">Loading device tree.</CMD>
	<CMD state="BootStrap" type="load" file="firmware/zImage-imx6sl-evk%ldo%.dtb" address="0x83000000"
		loadSection="OTH" setSection="OTH" HasFlashHeader="FALSE" ifdev="MX6SL">Loading device tree.</CMD>

	<CMD state="BootStrap" type="jump" > Jumping to OS image. </CMD>


	<!-- create partition -->
	<CMD state="Updater" type="push" body="send" file="mksdcard-android%data_type%.sh.tar">Sending partition shell</CMD>
	<CMD state="Updater" type="push" body="$ tar xf $FILE "> Partitioning...</CMD>
	<CMD state="Updater" type="push" body="$ sh mksdcard-android%data_type%.sh /dev/mmcblk%mmc%"> Partitioning...</CMD>

	<!-- burn uboot -->
	<CMD state="Updater" type="push" body="send" file="files/android/evk/u-boot-imx6sl.imx" ifdev="MX6SL">Sending u-boot.bin</CMD>
	<CMD state="Updater" type="push" body="$ dd if=/dev/zero of=/dev/mmcblk%mmc% bs=1k seek=384 conv=fsync count=129">clear u-boot arg</CMD>
	<CMD state="Updater" type="push" body="$ dd if=$FILE of=/dev/mmcblk%mmc% bs=1k seek=1 conv=fsync">write u-boot.bin to sd card</CMD>

	<CMD state="Updater" type="push" body="$ ls -l /dev/mmc* ">Formatting sd partition</CMD>

	<CMD state="Updater" type="push" body="send" file="files/android/evk/boot-imx6sl.img" ifdev="MX6SL">Sending and writting boot.img</CMD>
	<CMD state="Updater" type="push" body="$ dd if=$FILE of=/dev/mmcblk%mmc%p1">write boot.img</CMD>


	<CMD state="Updater" type="push" body="$ mkfs.ext4 /dev/mmcblk%mmc%p5">Formatting system partition</CMD>
	<CMD state="Updater" type="push" body="$ mkfs.ext4 /dev/mmcblk%mmc%p6">Formatting cache partition</CMD>

	<CMD state="Updater" type="push" body="$ mkfs.ext4 /dev/mmcblk%mmc%p7">Formatting device partition</CMD>
        <CMD state="Updater" type="push" body="$ mount -o remount,size=512M rootfs /">change size of tmpfs</CMD>
        <CMD state="Updater" type="push" body="send" file="files/android/evk/system.img" ifdev="MX6SL">Sending system.img</CMD>
        <CMD state="Updater" type="push" body="$ simg2img $FILE /dev/mmcblk%mmc%p5">writting sparse system.img</CMD>

	<!-- Write userdata.img is optional, for some customer this is needed, but it's optional. -->
	<!-- Also, userdata.img will have android unit test, you can use this to do some auto test. -->
	<!--	<CMD state="Updater" type="push" onError="ignore" body="pipe dd of=/dev/mmcblk0p7" file="file/android/userdate.img"> Sending userdata.img(optional) </CMD>
	<CMD state="Updater" type="push" body="frf">flush the memory.</CMD>  -->
	<CMD state="Updater" type="push" body="pipe dd of=/dev/mmcblk%mmc%p2 bs=512" file="files/android/evk/recovery-imx6sl.img" ifdev="MX6SL">Sending and writting recovery.img</CMD>
	<CMD state="Updater" type="push" body="$ sync">Sync file system</CMD>
	<CMD state="Updater" type="push" body="frf">Finishing rootfs write</CMD>

	<CMD state="Updater" type="push" body="$ echo Update Complete!">Done</CMD>
  </LIST>
  <LIST name="SDCard-Android-IMX6SX-Sabreauto" desc="Choose SD Card as media">
	<CMD state="BootStrap" type="boot" body="BootStrap" file ="firmware/u-boot-imx6q%board%_sd.imx" ifdev="MX6Q">Loading U-boot</CMD>
	<CMD state="BootStrap" type="boot" body="BootStrap" file ="firmware/u-boot-imx6dl%board%_sd.imx" ifdev="MX6D">Loading U-boot</CMD>
	<CMD state="BootStrap" type="boot" body="BootStrap" file ="firmware/u-boot-imx6slevk_sd.imx" ifdev="MX6SL">Loading U-boot</CMD>
	<CMD state="BootStrap" type="boot" body="BootStrap" file ="firmware/u-boot-imx6sx%sxuboot%_sd.imx" ifdev="MX6SX">Loading U-boot</CMD>

	<CMD state="BootStrap" type="load" file="firmware/zImage" address="0x12000000"
		loadSection="OTH" setSection="OTH" HasFlashHeader="FALSE" ifdev="MX6Q MX6D">Loading Kernel.</CMD>
	<CMD state="BootStrap" type="load" file="firmware/zImage" address="0x80800000"
		loadSection="OTH" setSection="OTH" HasFlashHeader="FALSE" ifdev="MX6SL MX6SX">Loading Kernel.</CMD>

	<CMD state="BootStrap" type="load" file="firmware/%initramfs%" address="0x12C00000"
		loadSection="OTH" setSection="OTH" HasFlashHeader="FALSE" ifdev="MX6Q MX6D">Loading Initramfs.</CMD>
	<CMD state="BootStrap" type="load" file="firmware/%initramfs%" address="0x83800000"
		loadSection="OTH" setSection="OTH" HasFlashHeader="FALSE" ifdev="MX6SL MX6SX">Loading Initramfs.</CMD>

	<CMD state="BootStrap" type="load" file="firmware/zImage-imx6q-%board%.dtb" address="0x18000000"
		loadSection="OTH" setSection="OTH" HasFlashHeader="FALSE" ifdev="MX6Q">Loading device tree.</CMD>
	<CMD state="BootStrap" type="load" file="firmware/zImage-imx6dl-%board%.dtb" address="0x18000000"
		loadSection="OTH" setSection="OTH" HasFlashHeader="FALSE" ifdev="MX6D">Loading device tree.</CMD>
	<CMD state="BootStrap" type="load" file="firmware/zImage-imx6sl-evk.dtb" address="0x83000000"
		loadSection="OTH" setSection="OTH" HasFlashHeader="FALSE" ifdev="MX6SL">Loading device tree.</CMD>
	<CMD state="BootStrap" type="load" file="firmware/zImage-imx6sx-%sxdtb%.dtb" address="0x83000000"
		loadSection="OTH" setSection="OTH" HasFlashHeader="FALSE" ifdev="MX6SX">Loading device tree.</CMD>

	<CMD state="BootStrap" type="jump" > Jumping to OS image. </CMD>


	<!-- create partition -->
	<CMD state="Updater" type="push" body="send" file="mksdcard-android%data_type%.sh.tar">Sending partition shell</CMD>
	<CMD state="Updater" type="push" body="$ tar xf $FILE "> Partitioning...</CMD>
	<CMD state="Updater" type="push" body="$ sh mksdcard-android%data_type%.sh /dev/mmcblk%mmc%"> Partitioning...</CMD>

	<!-- burn uboot -->
	<CMD state="Updater" type="push" body="send" file="files/android/sabreauto/u-boot-imx6sx.imx" ifdev="MX6SX">Sending u-boot.bin</CMD>
	<CMD state="Updater" type="push" body="$ dd if=/dev/zero of=/dev/mmcblk%mmc% bs=1k seek=384 conv=fsync count=129">clear u-boot arg</CMD>
	<CMD state="Updater" type="push" body="$ dd if=$FILE of=/dev/mmcblk%mmc% bs=1k seek=1 conv=fsync">write u-boot.bin to sd card</CMD>

	<CMD state="Updater" type="push" body="$ ls -l /dev/mmc* ">Formatting sd partition</CMD>

	<CMD state="Updater" type="push" body="send" file="files/android/sabreauto/boot-imx6sx.img" ifdev="MX6SX">Sending and writting boot.img</CMD>
	<CMD state="Updater" type="push" body="$ dd if=$FILE of=/dev/mmcblk%mmc%p1">write boot.img</CMD>


	<CMD state="Updater" type="push" body="$ mkfs.ext4 /dev/mmcblk%mmc%p5">Formatting system partition</CMD>
	<CMD state="Updater" type="push" body="$ mkfs.ext4 /dev/mmcblk%mmc%p6">Formatting cache partition</CMD>

	<CMD state="Updater" type="push" body="$ mkfs.ext4 /dev/mmcblk%mmc%p7">Formatting device partition</CMD>
        <CMD state="Updater" type="push" body="$ mount -o remount,size=512M rootfs /">change size of tmpfs</CMD>
        <CMD state="Updater" type="push" body="send" file="files/android/sabreauto/system.img" ifdev="MX6SX">Sending system.img</CMD>
        <CMD state="Updater" type="push" body="$ simg2img $FILE /dev/mmcblk%mmc%p5">writting sparse system.img</CMD>

	<!-- Write userdata.img is optional, for some customer this is needed, but it's optional. -->
	<!-- Also, userdata.img will have android unit test, you can use this to do some auto test. -->
	<!--	<CMD state="Updater" type="push" onError="ignore" body="pipe dd of=/dev/mmcblk0p7" file="file/android/userdate.img"> Sending userdata.img(optional) </CMD>
	<CMD state="Updater" type="push" body="frf">flush the memory.</CMD>  -->
	<CMD state="Updater" type="push" body="pipe dd of=/dev/mmcblk%mmc%p2 bs=512" file="files/android/sabreauto/recovery-imx6sx.img" ifdev="MX6SX">Sending and writting recovery.img</CMD>
	<CMD state="Updater" type="push" body="$ sync">Sync file system</CMD>
	<CMD state="Updater" type="push" body="frf">Finishing rootfs write</CMD>

	<CMD state="Updater" type="push" body="$ echo Update Complete!">Done</CMD>
  </LIST>

  <LIST name="SDCard-Android-IMX6SX-SabreSD" desc="Choose SD Card as media">
	<CMD state="BootStrap" type="boot" body="BootStrap" file ="firmware/u-boot-imx6q%board%_sd.imx" ifdev="MX6Q">Loading U-boot</CMD>
	<CMD state="BootStrap" type="boot" body="BootStrap" file ="firmware/u-boot-imx6dl%board%_sd.imx" ifdev="MX6D">Loading U-boot</CMD>
	<CMD state="BootStrap" type="boot" body="BootStrap" file ="firmware/u-boot-imx6slevk_sd.imx" ifdev="MX6SL">Loading U-boot</CMD>
	<CMD state="BootStrap" type="boot" body="BootStrap" file ="firmware/u-boot-imx6sx%sxuboot%_sd.imx" ifdev="MX6SX">Loading U-boot</CMD>

	<CMD state="BootStrap" type="load" file="firmware/zImage" address="0x12000000"
		loadSection="OTH" setSection="OTH" HasFlashHeader="FALSE" ifdev="MX6Q MX6D">Loading Kernel.</CMD>
	<CMD state="BootStrap" type="load" file="firmware/zImage" address="0x80800000"
		loadSection="OTH" setSection="OTH" HasFlashHeader="FALSE" ifdev="MX6SL MX6SX">Loading Kernel.</CMD>

	<CMD state="BootStrap" type="load" file="firmware/%initramfs%" address="0x12C00000"
		loadSection="OTH" setSection="OTH" HasFlashHeader="FALSE" ifdev="MX6Q MX6D">Loading Initramfs.</CMD>
	<CMD state="BootStrap" type="load" file="firmware/%initramfs%" address="0x83800000"
		loadSection="OTH" setSection="OTH" HasFlashHeader="FALSE" ifdev="MX6SL MX6SX">Loading Initramfs.</CMD>

	<CMD state="BootStrap" type="load" file="firmware/zImage-imx6q-%board%.dtb" address="0x18000000"
		loadSection="OTH" setSection="OTH" HasFlashHeader="FALSE" ifdev="MX6Q">Loading device tree.</CMD>
	<CMD state="BootStrap" type="load" file="firmware/zImage-imx6dl-%board%.dtb" address="0x18000000"
		loadSection="OTH" setSection="OTH" HasFlashHeader="FALSE" ifdev="MX6D">Loading device tree.</CMD>
	<CMD state="BootStrap" type="load" file="firmware/zImage-imx6sl-evk.dtb" address="0x83000000"
		loadSection="OTH" setSection="OTH" HasFlashHeader="FALSE" ifdev="MX6SL">Loading device tree.</CMD>
	<CMD state="BootStrap" type="load" file="firmware/zImage-imx6sx-%sxdtb%.dtb" address="0x83000000"
		loadSection="OTH" setSection="OTH" HasFlashHeader="FALSE" ifdev="MX6SX">Loading device tree.</CMD>

	<CMD state="BootStrap" type="jump" > Jumping to OS image. </CMD>


	<!-- create partition -->
	<CMD state="Updater" type="push" body="send" file="mksdcard-android%data_type%.sh.tar">Sending partition shell</CMD>
	<CMD state="Updater" type="push" body="$ tar xf $FILE "> Partitioning...</CMD>
	<CMD state="Updater" type="push" body="$ sh mksdcard-android%data_type%.sh /dev/mmcblk%mmc%"> Partitioning...</CMD>

	<!-- burn uboot -->
	<CMD state="Updater" type="push" body="send" file="files/android/sabresd/u-boot-imx6sx.imx" ifdev="MX6SX">Sending u-boot.bin</CMD>
	<CMD state="Updater" type="push" body="$ dd if=/dev/zero of=/dev/mmcblk%mmc% bs=1k seek=384 conv=fsync count=129">clear u-boot arg</CMD>
	<CMD state="Updater" type="push" body="$ dd if=$FILE of=/dev/mmcblk%mmc% bs=1k seek=1 conv=fsync">write u-boot.bin to sd card</CMD>

	<CMD state="Updater" type="push" body="$ ls -l /dev/mmc* ">Formatting sd partition</CMD>

	<CMD state="Updater" type="push" body="send" file="files/android/sabresd/boot-imx6sx.img" ifdev="MX6SX">Sending and writting boot.img</CMD>
	<CMD state="Updater" type="push" body="$ dd if=$FILE of=/dev/mmcblk%mmc%p1">write boot.img</CMD>


	<CMD state="Updater" type="push" body="$ mkfs.ext4 /dev/mmcblk%mmc%p5">Formatting system partition</CMD>
	<CMD state="Updater" type="push" body="$ mkfs.ext4 /dev/mmcblk%mmc%p6">Formatting cache partition</CMD>

	<CMD state="Updater" type="push" body="$ mkfs.ext4 /dev/mmcblk%mmc%p7">Formatting device partition</CMD>
        <CMD state="Updater" type="push" body="$ mount -o remount,size=512M rootfs /">change size of tmpfs</CMD>
        <CMD state="Updater" type="push" body="send" file="files/android/sabresd/system.img" ifdev="MX6SX">Sending system.img</CMD>
        <CMD state="Updater" type="push" body="$ simg2img $FILE /dev/mmcblk%mmc%p5">writting sparse system.img</CMD>

	<!-- Write userdata.img is optional, for some customer this is needed, but it's optional. -->
	<!-- Also, userdata.img will have android unit test, you can use this to do some auto test. -->
	<!--	<CMD state="Updater" type="push" onError="ignore" body="pipe dd of=/dev/mmcblk0p7" file="file/android/userdate.img"> Sending userdata.img(optional) </CMD>
	<CMD state="Updater" type="push" body="frf">flush the memory.</CMD>  -->
	<CMD state="Updater" type="push" body="pipe dd of=/dev/mmcblk%mmc%p2 bs=512" file="files/android/sabresd/recovery-imx6sx.img" ifdev="MX6SX">Sending and writting recovery.img</CMD>
	<CMD state="Updater" type="push" body="$ sync">Sync file system</CMD>
	<CMD state="Updater" type="push" body="frf">Finishing rootfs write</CMD>

	<CMD state="Updater" type="push" body="$ echo Update Complete!">Done</CMD>
  </LIST>
  <LIST name="SDCard-Android-IMX7D-SabreSD" desc="Choose SD Card as media">
	<CMD state="BootStrap" type="boot" body="BootStrap" file ="firmware/u-boot-imx7d%7duboot%_sd.imx" ifdev="MX7D">Loading U-boot</CMD>

	<CMD state="BootStrap" type="load" file="firmware/zImage" address="0x12000000"
		loadSection="OTH" setSection="OTH" HasFlashHeader="FALSE" ifdev="MX6Q MX6D">Loading Kernel.</CMD>
	<CMD state="BootStrap" type="load" file="firmware/zImage" address="0x80800000"
		loadSection="OTH" setSection="OTH" HasFlashHeader="FALSE" ifdev="MX6SL MX6SX MX7D">Loading Kernel.</CMD>

	
	<CMD state="BootStrap" type="load" file="firmware/%initramfs%" address="0x83800000"
		loadSection="OTH" setSection="OTH" HasFlashHeader="FALSE" ifdev="MX7D">Loading Initramfs.</CMD>
		
	<CMD state="BootStrap" type="load" file="firmware/zImage-imx6q-%board%.dtb" address="0x18000000"
		loadSection="OTH" setSection="OTH" HasFlashHeader="FALSE" ifdev="MX6Q">Loading device tree.</CMD>
	<CMD state="BootStrap" type="load" file="firmware/zImage-imx6dl-%board%.dtb" address="0x18000000"
		loadSection="OTH" setSection="OTH" HasFlashHeader="FALSE" ifdev="MX6D">Loading device tree.</CMD>
	<CMD state="BootStrap" type="load" file="firmware/zImage-imx6sl-evk.dtb" address="0x83000000"
		loadSection="OTH" setSection="OTH" HasFlashHeader="FALSE" ifdev="MX6SL">Loading device tree.</CMD>
	<CMD state="BootStrap" type="load" file="firmware/zImage-imx6sx-%sxdtb%.dtb" address="0x83000000"
		loadSection="OTH" setSection="OTH" HasFlashHeader="FALSE" ifdev="MX6SX">Loading device tree.</CMD>
	<CMD state="BootStrap" type="load" file="firmware/zImage-imx7d-%7ddtb%.dtb" address="0x83000000"
		loadSection="OTH" setSection="OTH" HasFlashHeader="FALSE" ifdev="MX7D">Loading device tree.</CMD>
		
	<CMD state="BootStrap" type="jump" > Jumping to OS image. </CMD>


	<!-- create partition -->
	<CMD state="Updater" type="push" body="send" file="mksdcard-android%data_type%.sh.tar">Sending partition shell</CMD>
	<CMD state="Updater" type="push" body="$ tar xf $FILE "> Partitioning...</CMD>
	<CMD state="Updater" type="push" body="$ sh mksdcard-android%data_type%.sh /dev/mmcblk%mmc%"> Partitioning...</CMD>

	<!-- burn uboot -->
	<CMD state="Updater" type="push" body="send" file="files/android/sabresd/u-boot-imx7d.imx" ifdev="MX7D">Sending u-boot.bin</CMD>
	<CMD state="Updater" type="push" body="$ dd if=/dev/zero of=/dev/mmcblk%mmc% bs=1k seek=384 conv=fsync count=129">clear u-boot arg</CMD>
	<CMD state="Updater" type="push" body="$ dd if=$FILE of=/dev/mmcblk%mmc% bs=1k seek=1 conv=fsync">write u-boot.bin to sd card</CMD>

	<CMD state="Updater" type="push" body="$ ls -l /dev/mmc* ">Formatting sd partition</CMD>

	<CMD state="Updater" type="push" body="send" file="files/android/sabresd/boot-imx7d.img" ifdev="MX7D">Sending and writting boot.img</CMD>
	<CMD state="Updater" type="push" body="$ dd if=$FILE of=/dev/mmcblk%mmc%p1">write boot.img</CMD>


	<CMD state="Updater" type="push" body="$ mkfs.ext4 /dev/mmcblk%mmc%p5">Formatting system partition</CMD>
	<CMD state="Updater" type="push" body="$ mkfs.ext4 /dev/mmcblk%mmc%p6">Formatting cache partition</CMD>

	<CMD state="Updater" type="push" body="$ mkfs.ext4 /dev/mmcblk%mmc%p7">Formatting device partition</CMD>
	<CMD state="Updater" type="push" body="$ mount -o remount,size=512M rootfs /">change size of tmpfs</CMD>
	<CMD state="Updater" type="push" body="send" file="files/android/sabresd/system.img" ifdev="MX7D">Sending system_sparse.img</CMD>
	<CMD state="Updater" type="push" body="$ simg2img $FILE /dev/mmcblk%mmc%p5">writting system_sparse.img</CMD>
	<!-- Write userdata.img is optional, for some customer this is needed, but it's optional. -->
	<!-- Also, userdata.img will have android unit test, you can use this to do some auto test. -->
	<!--	<CMD state="Updater" type="push" onError="ignore" body="pipe dd of=/dev/mmcblk0p7" file="file/android/userdate.img"> Sending userdata.img(optional) </CMD>
	<CMD state="Updater" type="push" body="frf">flush the memory.</CMD>  -->
	<CMD state="Updater" type="push" body="pipe dd of=/dev/mmcblk%mmc%p2 bs=512" file="files/android/sabresd/recovery-imx7d.img" ifdev="MX7D">Sending and writting recovery.img</CMD>
	<CMD state="Updater" type="push" body="$ sync">Sync file system</CMD>
	<CMD state="Updater" type="push" body="frf">Finishing rootfs write</CMD>

	<CMD state="Updater" type="push" body="$ echo Update Complete!">Done</CMD>
  </LIST>
  <LIST name="eMMC" desc="Choose eMMC as media">
	<CMD state="BootStrap" type="boot" body="BootStrap" file ="firmware/u-boot-imx6q%plus%%board%_sd.imx" ifdev="MX6Q">Loading U-boot</CMD>
	<CMD state="BootStrap" type="boot" body="BootStrap" file ="firmware/u-boot-imx6dl%board%_sd.imx" ifdev="MX6D">Loading U-boot</CMD>
	<CMD state="BootStrap" type="boot" body="BootStrap" file ="firmware/u-boot-imx6sx%board%_emmc.imx" ifdev="MX6SX">Loading U-boot</CMD>
	<CMD state="BootStrap" type="boot" body="BootStrap" file ="firmware/u-boot-imx7d%7duboot%_sd.imx" ifdev="MX7D">Loading U-boot</CMD>
	<CMD state="BootStrap" type="boot" body="BootStrap" file ="firmware/u-boot-imx6ul%6uluboot%_emmc.imx" ifdev="MX6UL">Loading U-boot</CMD>
		
	<CMD state="BootStrap" type="load" file="firmware/zImage" address="0x12000000"
		loadSection="OTH" setSection="OTH" HasFlashHeader="FALSE" ifdev="MX6Q MX6D">Loading Kernel.</CMD>
	<CMD state="BootStrap" type="load" file="firmware/zImage" address="0x80800000"
		loadSection="OTH" setSection="OTH" HasFlashHeader="FALSE" ifdev="MX6SL MX6SX MX7D MX6UL">Loading Kernel.</CMD>

	<CMD state="BootStrap" type="load" file="firmware/%initramfs%" address="0x12C00000"
		loadSection="OTH" setSection="OTH" HasFlashHeader="FALSE" ifdev="MX6Q MX6D">Loading Initramfs.</CMD>
	<CMD state="BootStrap" type="load" file="firmware/%initramfs%" address="0x83800000"
		loadSection="OTH" setSection="OTH" HasFlashHeader="FALSE" ifdev="MX6SL MX6SX MX7D MX6UL">Loading Initramfs.</CMD>

	<CMD state="BootStrap" type="load" file="firmware/zImage-imx6q%plus%-%board%%ldo%.dtb" address="0x18000000"
		loadSection="OTH" setSection="OTH" HasFlashHeader="FALSE" ifdev="MX6Q">Loading device tree.</CMD>
	<CMD state="BootStrap" type="load" file="firmware/zImage-imx6dl-%board%%ldo%.dtb" address="0x18000000"
		loadSection="OTH" setSection="OTH" HasFlashHeader="FALSE" ifdev="MX6D">Loading device tree.</CMD>
	<CMD state="BootStrap" type="load" file="firmware/zImage-imx6sx-%sxdtb%-emmc.dtb" address="0x83000000"
		loadSection="OTH" setSection="OTH" HasFlashHeader="FALSE" ifdev="MX6SX">Loading device tree.</CMD>
	<CMD state="BootStrap" type="load" file="firmware/zImage-imx7d-%7ddtb%.dtb" address="0x83000000"
		loadSection="OTH" setSection="OTH" HasFlashHeader="FALSE" ifdev="MX7D">Loading device tree.</CMD>
	<CMD state="BootStrap" type="load" file="firmware/zImage-imx6ul-%6uldtb%-emmc.dtb" address="0x83000000"
		loadSection="OTH" setSection="OTH" HasFlashHeader="FALSE" ifdev="MX6UL">Loading device tree.</CMD>

	<CMD state="BootStrap" type="jump" > Jumping to OS image. </CMD>


	<!-- create partition -->
	<CMD state="Updater" type="push" body="send" file="mksdcard.sh.tar">Sending partition shell</CMD>
	<CMD state="Updater" type="push" body="$ tar xf $FILE "> Partitioning...</CMD>
	<CMD state="Updater" type="push" body="$ sh mksdcard.sh /dev/mmcblk%mmc%"> Partitioning...</CMD>

	<!-- burn uboot -->
	<CMD state="Updater" type="push" body="$ dd if=/dev/zero of=/dev/mmcblk%mmc% bs=1k seek=384 conv=fsync count=129">clear u-boot arg</CMD>
	<!-- access boot partition -->
	<CMD state="Updater" type="push" body="$ echo 0 > /sys/block/mmcblk%mmc%boot0/force_ro">access boot partition 1</CMD>
	<CMD state="Updater" type="push" body="send" file="files/u-boot-imx6q%plus%%board%_sd.imx" ifdev="MX6Q">Sending u-boot.bin</CMD>
	<CMD state="Updater" type="push" body="send" file="files/u-boot-imx6dl%board%_sd.imx" ifdev="MX6D">Sending u-boot.bin</CMD>
	<CMD state="Updater" type="push" body="send" file="files/u-boot-imx6sx%board%_emmc.imx" ifdev="MX6SX">Sending u-boot.bin</CMD>
	<CMD state="Updater" type="push" body="send" file="files/u-boot-imx7d%7duboot%_sd.imx" ifdev="MX7D">Sending u-boot.bin</CMD>
	<CMD state="Updater" type="push" body="send" file="files/u-boot-imx6ul%6uluboot%_emmc.imx" ifdev="MX6UL">Sending u-boot.bin</CMD>
	<CMD state="Updater" type="push" body="$ dd if=$FILE of=/dev/mmcblk%mmc%boot0 bs=512 seek=2">write U-Boot to sd card</CMD>
	<CMD state="Updater" type="push" body="$ echo 1 > /sys/block/mmcblk%mmc%boot0/force_ro"> re-enable read-only access </CMD>
	<CMD state="Updater" type="push" body="$ echo 8 > /sys/block/mmcblk%mmc%/device/boot_config">enable boot partion 1 to boot</CMD>

	<!-- create fat partition -->
	<CMD state="Updater" type="push" body="$ mkfs.vfat /dev/mmcblk%mmc%p1">Formatting rootfs partition</CMD>
	<CMD state="Updater" type="push" body="$ mkdir -p /mnt/mmcblk%mmc%p1"/>
	<CMD state="Updater" type="push" body="$ mount -t vfat /dev/mmcblk%mmc%p1 /mnt/mmcblk%mmc%p1"/>

	<!-- burn zImage -->
	<CMD state="Updater" type="push" body="send" file="files/zImage">Sending kernel zImage</CMD>
	<CMD state="Updater" type="push" body="$ cp $FILE /mnt/mmcblk%mmc%p1/zImage">write kernel image to sd card</CMD>

	<!-- burn dtb -->
	<CMD state="Updater" type="push" body="send" file="files/zImage-imx6q%plus%-%board%%ldo%.dtb" ifdev="MX6Q">Sending Device Tree file</CMD>
	<CMD state="Updater" type="push" body="send" file="files/zImage-imx6dl-%board%%ldo%.dtb" ifdev="MX6D">Sending Device Tree file</CMD>
	<CMD state="Updater" type="push" body="send" file="files/zImage-imx6sx-%sxdtb%-emmc.dtb" ifdev="MX6SX">Sending Device Tree file</CMD>
	<CMD state="Updater" type="push" body="send" file="files/zImage-imx7d-%7ddtb%.dtb" ifdev="MX7D">Sending Device Tree file</CMD>
	<CMD state="Updater" type="push" body="send" file="files/zImage-imx6ul-%6uldtb%-emmc.dtb" ifdev="MX6UL">Sending Device Tree file</CMD>

	<CMD state="Updater" type="push" body="$ cp $FILE /mnt/mmcblk%mmc%p1/imx6q%plus%-%board%.dtb" ifdef="MX6Q">write device tree to sd card</CMD>
	<CMD state="Updater" type="push" body="$ cp $FILE /mnt/mmcblk%mmc%p1/imx6dl-%board%.dtb" ifdef="MX6D">write device tree to sd card</CMD>
	<CMD state="Updater" type="push" body="$ cp $FILE /mnt/mmcblk%mmc%p1/imx6sx-%sxdtb%.dtb" ifdef="MX6SX">write device tree to sd card</CMD>
	<CMD state="Updater" type="push" body="$ cp $FILE /mnt/mmcblk%mmc%p1/imx7d-%7ddtb%.dtb" ifdef="MX7D">write device tree to sd card</CMD>
	<CMD state="Updater" type="push" body="$ cp $FILE /mnt/mmcblk%mmc%p1/imx6ul-%6uldtb%.dtb" ifdef="MX6UL">write device tree to sd card</CMD>


	<CMD state="Updater" type="push" body="$ umount /mnt/mmcblk%mmc%p1">Unmounting vfat partition</CMD>

	<!-- burn rootfs -->
	<CMD state="Updater" type="push" body="$ mkfs.ext3 -E nodiscard /dev/mmcblk%mmc%p2">Formatting rootfs partition</CMD>
	<CMD state="Updater" type="push" body="$ mkdir -p /mnt/mmcblk%mmc%p2"/>
	<CMD state="Updater" type="push" body="$ mount -t ext3 /dev/mmcblk%mmc%p2 /mnt/mmcblk%mmc%p2"/>
	<CMD state="Updater" type="push" body="pipe tar -jxv -C /mnt/mmcblk%mmc%p2" file="files/rootfs.tar.bz2" ifdev="MX6SL MX6D MX6Q MX6SX">Sending and writting rootfs</CMD>
	<CMD state="Updater" type="push" body="pipe tar -jxv -C /mnt/mmcblk%mmc%p2" file="files/rootfs_nogpu.tar.bz2" ifdev="MX6UL MX7D">Sending and writting rootfs</CMD>
	<CMD state="Updater" type="push" body="frf">Finishing rootfs write</CMD>
	<CMD state="Updater" type="push" body="$ umount /mnt/mmcblk%mmc%p2">Unmounting rootfs partition</CMD>
	<CMD state="Updater" type="push" body="$ echo Update Complete!">Done</CMD>
  </LIST>

  <LIST name="eMMC-Android-IMX6Q-SabreSD" desc="Choose eMMC as media">
	<CMD state="BootStrap" type="boot" body="BootStrap" file ="firmware/u-boot-imx6q%board%_sd.imx" ifdev="MX6Q">Loading U-boot</CMD>
	<CMD state="BootStrap" type="boot" body="BootStrap" file ="firmware/u-boot-imx6dl%board%_sd.imx" ifdev="MX6D">Loading U-boot</CMD>

	<CMD state="BootStrap" type="load" file="firmware/zImage" address="0x12000000"
		loadSection="OTH" setSection="OTH" HasFlashHeader="FALSE" >Loading Kernel.</CMD>
	<CMD state="BootStrap" type="load" file="firmware/%initramfs%" address="0x12C00000"
		loadSection="OTH" setSection="OTH" HasFlashHeader="FALSE" >Loading Initramfs.</CMD>

	<CMD state="BootStrap" type="load" file="firmware/zImage-imx6q-%board%%ldo%.dtb" address="0x18000000"
		loadSection="OTH" setSection="OTH" HasFlashHeader="FALSE" ifdev="MX6Q">Loading device tree.</CMD>
	<CMD state="BootStrap" type="load" file="firmware/zImage-imx6dl-%board%%ldo%.dtb" address="0x18000000"
		loadSection="OTH" setSection="OTH" HasFlashHeader="FALSE" ifdev="MX6D">Loading device tree.</CMD>

	<CMD state="BootStrap" type="jump" > Jumping to OS image. </CMD>

	<!-- create partition -->
	<CMD state="Updater" type="push" body="send" file="mksdcard-android%data_type%.sh.tar">Sending partition shell</CMD>
	<CMD state="Updater" type="push" body="$ tar xf $FILE "> Partitioning...</CMD>
	<CMD state="Updater" type="push" body="$ sh mksdcard-android%data_type%.sh /dev/mmcblk%mmc%"> Partitioning...</CMD>

	<!-- burn uboot -->
	<CMD state="Updater" type="push" body="$ dd if=/dev/zero of=/dev/mmcblk%mmc% bs=1k seek=384 conv=fsync count=129">clear u-boot arg</CMD>
	<!-- burn uboot -->
	<CMD state="Updater" type="push" body="$ echo 0 > /sys/block/mmcblk%mmc%boot0/force_ro">access boot partition 1</CMD>
	<CMD state="Updater" type="push" body="send" file="files/android/sabresd/u-boot-imx6q.imx" ifdev="MX6Q">Sending u-boot.bin</CMD>
	<CMD state="Updater" type="push" body="$ dd if=$FILE of=/dev/mmcblk%mmc%boot0 bs=512 seek=2">write U-Boot to sd card</CMD>
	<CMD state="Updater" type="push" body="$ echo 1 > /sys/block/mmcblk%mmc%boot0/force_ro"> re-enable read-only access </CMD>
	<CMD state="Updater" type="push" body="$ echo 8 > /sys/block/mmcblk%mmc%/device/boot_config">enable boot partion 1 to boot</CMD>

	<CMD state="Updater" type="push" body="$ ls -l /dev/mmc* ">Formatting sd partition</CMD>

	<CMD state="Updater" type="push" body="send" file="files/android/sabresd/boot-imx6q%ldo%.img" ifdev="MX6Q">Sending and writting boot.img</CMD>
	<CMD state="Updater" type="push" body="$ dd if=$FILE of=/dev/mmcblk%mmc%p1">write boot.img</CMD>


	<CMD state="Updater" type="push" body="$ mkfs.ext4 /dev/mmcblk%mmc%p5">Formatting system partition</CMD>
	<CMD state="Updater" type="push" body="$ mkfs.ext4 /dev/mmcblk%mmc%p6">Formatting cache partition</CMD>

	<CMD state="Updater" type="push" body="$ mkfs.ext4 /dev/mmcblk%mmc%p7">Formatting device partition</CMD>
        <CMD state="Updater" type="push" body="$ mount -o remount,size=512M rootfs /">change size of tmpfs</CMD>
        <CMD state="Updater" type="push" body="send" file="files/android/sabresd/system.img" ifdev="MX6Q">Sending system.img</CMD>
        <CMD state="Updater" type="push" body="$ simg2img $FILE /dev/mmcblk%mmc%p5">writting sparse system.img</CMD>

	<!-- Write userdata.img is optional, for some customer this is needed, but it's optional. -->
	<!-- Also, userdata.img will have android unit test, you can use this to do some auto test. -->
	<!--	<CMD state="Updater" type="push" onError="ignore" body="pipe dd of=/dev/mmcblk0p7" file="file/android/userdate.img"> Sending userdata.img(optional) </CMD>
	<CMD state="Updater" type="push" body="frf">flush the memory.</CMD>  -->
	<CMD state="Updater" type="push" body="pipe dd of=/dev/mmcblk%mmc%p2 bs=512" file="files/android/sabresd/recovery-imx6q%ldo%.img" ifdev="MX6Q">Sending and writting recovery.img</CMD>
	<CMD state="Updater" type="push" body="$ sync">Sync file system</CMD>
	<CMD state="Updater" type="push" body="frf">Finishing rootfs write</CMD>

	<CMD state="Updater" type="push" body="$ echo Update Complete!">Done</CMD>
  </LIST>

  <LIST name="eMMC-Android-IMX6DL-SabreSD" desc="Choose eMMC as media">
	<CMD state="BootStrap" type="boot" body="BootStrap" file ="firmware/u-boot-imx6q%board%_sd.imx" ifdev="MX6Q">Loading U-boot</CMD>
	<CMD state="BootStrap" type="boot" body="BootStrap" file ="firmware/u-boot-imx6dl%board%_sd.imx" ifdev="MX6D">Loading U-boot</CMD>

	<CMD state="BootStrap" type="load" file="firmware/zImage" address="0x12000000"
		loadSection="OTH" setSection="OTH" HasFlashHeader="FALSE" >Loading Kernel.</CMD>
	<CMD state="BootStrap" type="load" file="firmware/%initramfs%" address="0x12C00000"
		loadSection="OTH" setSection="OTH" HasFlashHeader="FALSE" >Loading Initramfs.</CMD>

	<CMD state="BootStrap" type="load" file="firmware/zImage-imx6q-%board%%ldo%.dtb" address="0x18000000"
		loadSection="OTH" setSection="OTH" HasFlashHeader="FALSE" ifdev="MX6Q">Loading device tree.</CMD>
	<CMD state="BootStrap" type="load" file="firmware/zImage-imx6dl-%board%%ldo%.dtb" address="0x18000000"
		loadSection="OTH" setSection="OTH" HasFlashHeader="FALSE" ifdev="MX6D">Loading device tree.</CMD>

	<CMD state="BootStrap" type="jump" > Jumping to OS image. </CMD>

	<!-- create partition -->
	<CMD state="Updater" type="push" body="send" file="mksdcard-android%data_type%.sh.tar">Sending partition shell</CMD>
	<CMD state="Updater" type="push" body="$ tar xf $FILE "> Partitioning...</CMD>
	<CMD state="Updater" type="push" body="$ sh mksdcard-android%data_type%.sh /dev/mmcblk%mmc%"> Partitioning...</CMD>

	<!-- burn uboot -->
	<CMD state="Updater" type="push" body="$ dd if=/dev/zero of=/dev/mmcblk%mmc% bs=1k seek=384 conv=fsync count=129">clear u-boot arg</CMD>
	<!-- burn uboot -->
	<CMD state="Updater" type="push" body="$ echo 0 > /sys/block/mmcblk%mmc%boot0/force_ro">access boot partition 1</CMD>
	<CMD state="Updater" type="push" body="send" file="files/android/sabresd/u-boot-imx6dl.imx" ifdev="MX6D">Sending u-boot.bin</CMD>
	<CMD state="Updater" type="push" body="$ dd if=$FILE of=/dev/mmcblk%mmc%boot0 bs=512 seek=2">write U-Boot to sd card</CMD>
	<CMD state="Updater" type="push" body="$ echo 1 > /sys/block/mmcblk%mmc%boot0/force_ro"> re-enable read-only access </CMD>
	<CMD state="Updater" type="push" body="$ echo 8 > /sys/block/mmcblk%mmc%/device/boot_config">enable boot partion 1 to boot</CMD>

	<CMD state="Updater" type="push" body="$ ls -l /dev/mmc* ">Formatting sd partition</CMD>

	<CMD state="Updater" type="push" body="send" file="files/android/sabresd/boot-imx6dl.img" ifdev="MX6D">Sending and writting boot.img</CMD>
	<CMD state="Updater" type="push" body="$ dd if=$FILE of=/dev/mmcblk%mmc%p1">write boot.img</CMD>


	<CMD state="Updater" type="push" body="$ mkfs.ext4 /dev/mmcblk%mmc%p5">Formatting system partition</CMD>
	<CMD state="Updater" type="push" body="$ mkfs.ext4 /dev/mmcblk%mmc%p6">Formatting cache partition</CMD>

	<CMD state="Updater" type="push" body="$ mkfs.ext4 /dev/mmcblk%mmc%p7">Formatting device partition</CMD>
        <CMD state="Updater" type="push" body="$ mount -o remount,size=512M rootfs /">change size of tmpfs</CMD>
        <CMD state="Updater" type="push" body="send" file="files/android/sabresd/system.img" ifdev="MX6D">Sending system.img</CMD>
        <CMD state="Updater" type="push" body="$ simg2img $FILE /dev/mmcblk%mmc%p5">writting sparse system.img</CMD>

	<!-- Write userdata.img is optional, for some customer this is needed, but it's optional. -->
	<!-- Also, userdata.img will have android unit test, you can use this to do some auto test. -->
	<!--	<CMD state="Updater" type="push" onError="ignore" body="pipe dd of=/dev/mmcblk0p7" file="file/android/userdate.img"> Sending userdata.img(optional) </CMD>
	<CMD state="Updater" type="push" body="frf">flush the memory.</CMD>  -->
	<CMD state="Updater" type="push" body="pipe dd of=/dev/mmcblk%mmc%p2 bs=512" file="files/android/sabresd/recovery-imx6dl.img" ifdev="MX6D">Sending and writting recovery.img</CMD>
	<CMD state="Updater" type="push" body="$ sync">Sync file system</CMD>
	<CMD state="Updater" type="push" body="frf">Finishing rootfs write</CMD>

	<CMD state="Updater" type="push" body="$ echo Update Complete!">Done</CMD>
  </LIST>

  <!-- burn uboot only because spi-nor flash is small (4M). kernel is beyond 5M now -->
  <LIST name="Nor Flash" desc="Choose Nor flash as media">
	<CMD state="BootStrap" type="boot" body="BootStrap" file ="firmware/u-boot-imx6q%plus%%board%_%nor%.imx" ifdev="MX6Q">Loading U-boot</CMD>
	<CMD state="BootStrap" type="boot" body="BootStrap" file ="firmware/u-boot-imx6dl%board%_%nor%.imx" ifdev="MX6D">Loading U-boot</CMD>
	<CMD state="BootStrap" type="boot" body="BootStrap" file ="firmware/u-boot-imx6slevk_spi-nor.imx" ifdev="MX6SL">Loading U-boot</CMD>
	<CMD state="BootStrap" type="boot" body="BootStrap" file ="firmware/u-boot-imx7d%7duboot%_%nor%.imx" ifdev="MX7D">Loading U-boot</CMD>
	<CMD state="BootStrap" type="boot" body="BootStrap" file ="firmware/u-boot-imx6ul%6uluboot%_qspi1.imx" ifdev="MX6UL">Loading U-boot</CMD>

	<CMD state="BootStrap" type="load" file="firmware/zImage" address="0x12000000"
		loadSection="OTH" setSection="OTH" HasFlashHeader="FALSE" ifdev="MX6Q MX6DL">Loading Kernel.</CMD>
	<CMD state="BootStrap" type="load" file="firmware/zImage" address="0x80800000"
		loadSection="OTH" setSection="OTH" HasFlashHeader="FALSE" ifdev="MX6SL MX7D MX6UL">Loading Kernel.</CMD>

	<CMD state="BootStrap" type="load" file="firmware/%initramfs%" address="0x12C00000"
		loadSection="OTH" setSection="OTH" HasFlashHeader="FALSE" ifdev="MX6Q MX6DL">Loading Initramfs.</CMD>
	<CMD state="BootStrap" type="load" file="firmware/%initramfs%" address="0x83800000"
		loadSection="OTH" setSection="OTH" HasFlashHeader="FALSE" ifdev="MX6SL MX7D MX6UL">Loading Initramfs.</CMD>


	<CMD state="BootStrap" type="load" file="firmware/zImage-imx6q%plus%-%board%-%nordtb%.dtb" address="0x18000000"
		loadSection="OTH" setSection="OTH" HasFlashHeader="FALSE" ifdev="MX6Q">Loading device tree.</CMD>
	<CMD state="BootStrap" type="load" file="firmware/zImage-imx6dl-%board%-%nordtb%.dtb" address="0x18000000"
		loadSection="OTH" setSection="OTH" HasFlashHeader="FALSE" ifdev="MX6D">Loading device tree.</CMD>
	<CMD state="BootStrap" type="load" file="firmware/zImage-imx6sl-evk.dtb" address="0x83000000"
		loadSection="OTH" setSection="OTH" HasFlashHeader="FALSE" ifdev="MX6SL">Loading device tree.</CMD>
	<CMD state="BootStrap" type="load" file="firmware/zImage-imx7d-%7ddtb%.dtb" address="0x83000000"
		loadSection="OTH" setSection="OTH" HasFlashHeader="FALSE" ifdev="MX7D">Loading device tree.</CMD>
	<CMD state="BootStrap" type="load" file="firmware/zImage-imx6ul-%6uldtb%.dtb" address="0x83000000"
		loadSection="OTH" setSection="OTH" HasFlashHeader="FALSE" ifdev="MX6UL">Loading device tree.</CMD>

	<CMD state="BootStrap" type="jump" > Jumping to OS image. </CMD>

	<CMD state="Updater" type="push" body="$ flash_erase /dev/mtd%nor_part% 0 0">Erasing Boot partition</CMD>
	<CMD state="Updater" type="push" body="send" file="files/u-boot-imx6q%plus%%board%_%nor%.imx" ifdev="MX6Q">Sending U-Boot</CMD>
	<CMD state="Updater" type="push" body="send" file="files/u-boot-imx6dl%board%_%nor%.imx" ifdev="MX6D">Sending U-Boot</CMD>
	<CMD state="Updater" type="push" body="send" file="files/u-boot-imx6slevk_spi-nor.imx" ifdev="MX6SL">Sending u-boot.bin</CMD>
	<CMD state="Updater" type="push" body="send" file="files/u-boot-imx7d%7duboot%_%nor%.imx" ifdev="MX7D">Sending u-boot.bin</CMD>
	<CMD state="Updater" type="push" body="send" file="files/u-boot-imx6ul%6uluboot%_%nor%.imx" ifdev="MX6UL">Sending u-boot.bin</CMD>

	<CMD state="Updater" type="push" body="$ dd if=$FILE of=/dev/mtd%nor_part% bs=1k seek=%seek%" ifdev="MX6Q MX6D MX6SL MX6UL">write U-Boot to NOR flash</CMD>
	<CMD state="Updater" type="push" body="$ dd if=$FILE of=/dev/mtd%nor_part% bs=1k seek=1" ifdev="MX7D">write U-Boot to NOR flash</CMD>
	<CMD state="Updater" type="push" body="$ echo Update Complete!">Done</CMD>
  </LIST>

  <LIST name="Quad Nor Flash" desc="Choose Quad Nor flash as media">
	<CMD state="BootStrap" type="boot" body="BootStrap" file ="firmware/u-boot-imx6q%board%_%nor%.imx" ifdev="MX6Q">Loading U-boot</CMD>
	<CMD state="BootStrap" type="boot" body="BootStrap" file ="firmware/u-boot-imx6dl%board%_%nor%.imx" ifdev="MX6D">Loading U-boot</CMD>
	<CMD state="BootStrap" type="boot" body="BootStrap" file ="firmware/u-boot-imx6slevk_spi-nor.imx" ifdev="MX6SL">Loading U-boot</CMD>
	<CMD state="BootStrap" type="boot" body="BootStrap" file ="firmware/u-boot-imx6sx%sxuboot%_sd.imx" ifdev="MX6SX">Loading U-boot</CMD>
	<CMD state="BootStrap" type="boot" body="BootStrap" file ="firmware/u-boot-imx7d%7duboot%_sd.imx" ifdev="MX7D">Loading U-boot</CMD>
	<CMD state="BootStrap" type="boot" body="BootStrap" file ="firmware/u-boot-imx6ul%6uluboot%_qspi1.imx" ifdev="MX6UL">Loading U-boot</CMD>
	<!--CMD state="BootStrap" type="boot" body="BootStrap" file ="firmware/openwrt-imx6ul-mx6ul_14x14_evk-u-boot_normal.imx" ifdev="MX6UL">Loading openwrt U-boot</CMD-->

	<!--CMD state="BootStrap" type="jump" > Jumping to OS image. </CMD-->

<!-->
	<CMD state="BootStrap" type="load" file="firmware/zImage" address="0x12000000"
		loadSection="OTH" setSection="OTH" HasFlashHeader="FALSE" ifdev="MX6Q MX6DL">Loading Kernel.</CMD>
	<CMD state="BootStrap" type="load" file="firmware/zImage" address="0x80800000"
		loadSection="OTH" setSection="OTH" HasFlashHeader="FALSE" ifdev="MX6SL MX6SX MX7D MX6UL">Loading Kernel.</CMD>

	<CMD state="BootStrap" type="load" file="firmware/%initramfs%" address="0x12C00000"
		loadSection="OTH" setSection="OTH" HasFlashHeader="FALSE" ifdev="MX6Q MX6DL">Loading Initramfs.</CMD>
	<CMD state="BootStrap" type="load" file="firmware/%initramfs%" address="0x83800000"
		loadSection="OTH" setSection="OTH" HasFlashHeader="FALSE" ifdev="MX6SL MX6SX MX7D MX6UL">Loading Initramfs.</CMD>


	<CMD state="BootStrap" type="load" file="firmware/zImage-imx6q-%board%-%nordtb%.dtb" address="0x18000000"
		loadSection="OTH" setSection="OTH" HasFlashHeader="FALSE" ifdev="MX6Q">Loading device tree.</CMD>
	<CMD state="BootStrap" type="load" file="firmware/zImage-imx6dl-%board%-%nordtb%.dtb" address="0x18000000"
		loadSection="OTH" setSection="OTH" HasFlashHeader="FALSE" ifdev="MX6D">Loading device tree.</CMD>
	<CMD state="BootStrap" type="load" file="firmware/zImage-imx6sl-evk.dtb" address="0x83000000"
		loadSection="OTH" setSection="OTH" HasFlashHeader="FALSE" ifdev="MX6SL">Loading device tree.</CMD>
	<CMD state="BootStrap" type="load" file="firmware/zImage-imx6sx-%sxdtb%.dtb" address="0x83000000"
		loadSection="OTH" setSection="OTH" HasFlashHeader="FALSE" ifdev="MX6SX">Loading device tree.</CMD>
	<CMD state="BootStrap" type="load" file="firmware/zImage-imx7d-%7ddtb%.dtb" address="0x83000000"
		loadSection="OTH" setSection="OTH" HasFlashHeader="FALSE" ifdev="MX7D">Loading device tree.</CMD>
	<!--CMD state="BootStrap" type="load" file="firmware/zImage-imx6ul-%6uldtb%.dtb" address="0x83000000"
		loadSection="OTH" setSection="OTH" HasFlashHeader="FALSE" ifdev="MX6UL">Loading device tree.</CMD-->
	<CMD state="BootStrap" type="load" file="firmware/zImage-imx6ul-ob.dtb" address="0x83000000"
		loadSection="OTH" setSection="OTH" HasFlashHeader="FALSE" ifdev="MX6UL">Loading device tree.</CMD>

	<CMD state="BootStrap" type="jump" > Jumping to OS image. </CMD>

	<CMD state="Updater" type="push" body="$ flash_erase /dev/mtd0 0 20">Erasing Boot partition</CMD>
	<CMD state="Updater" type="push" body="send" file="files/u-boot-imx6q%board%_%nor%.imx" ifdev="MX6Q">Sending U-Boot</CMD>
	<CMD state="Updater" type="push" body="send" file="files/u-boot-imx6dl%board%_%nor%.imx" ifdev="MX6D">Sending U-Boot</CMD>
	<CMD state="Updater" type="push" body="send" file="files/u-boot-imx6slevk_spi-nor.imx" ifdev="MX6SL">Sending u-boot.bin</CMD>
	<CMD state="Updater" type="push" body="send" file="files/u-boot-imx6sx%sxuboot%_%sxnor%.imx" ifdev="MX6SX">Sending u-boot.bin</CMD>
	<CMD state="Updater" type="push" body="send" file="files/u-boot-imx7d%7duboot%_%7dnor%.imx" ifdev="MX7D">Sending u-boot.bin</CMD>
	<CMD state="Updater" type="push" body="send" file="files/openwrt-imx6ul-mx6ul_14x14_evk-u-boot_normal.imx " ifdev="MX6UL">Sending u-boot.bin</CMD>

	<CMD state="Updater" type="push" body="$ dd if=$FILE of=/dev/mtd0 bs=1k seek=4" ifdev="MX6SX MX6UL">write U-Boot to NOR flash</CMD>
	<CMD state="Updater" type="push" body="$ dd if=$FILE of=/dev/mtd0 bs=1k seek=1" ifdev="MX7D">write U-Boot to NOR flash</CMD>

	<CMD state="Updater" type="push" body="send" file="files/%norconfig%">Sending QSPI config file</CMD>
	<CMD state="Updater" type="push" body="$ awk '{s=\"00000000\"$1;l=length(s);if(!((NR-1)%4))printf \"%%08x \",(NR-1)*4;for(i=l-1;i>l-8;i-=2)printf \" %%s\",substr(s,i,2);if(!(NR%4))printf \"\\n\";}' $FILE > qspi-tmp">generate header </CMD>
	
	<CMD state="Updater" type="push" body="$ busybox hexdump -R qspi-tmp > qspi-header">Converting ascii value to hex file</CMD>
	<CMD state="Updater" type="push" body="$ dd if=qspi-header of=/dev/mtd0 bs=1k seek=1" ifdev="MX6SX MX6UL">Writing header to NOR flash</CMD>
	<CMD state="Updater" type="push" body="$ dd if=qspi-header of=/dev/mtd0 bs=1k seek=0" ifdev="MX7D">Writing header to NOR flash</CMD>
	
	<CMD state="Updater" type="push" body="$ rm qspi-tmp">Deleting temporary file</CMD>
	<CMD state="Updater" type="push" body="$ rm qspi-header">Deleting temporary file</CMD>
       <CMD state="Updater" type="push" body="$ echo Update Complete!">Done</CMD>
<!-->

  </LIST>

  <LIST name="NAND Flash" desc="Choose NAND as media">

	<CMD state="BootStrap" type="boot" body="BootStrap" file ="firmware/u-boot-imx6q%plus%%board%_%nand%.imx" ifdev="MX6Q">Loading U-boot</CMD>
	<CMD state="BootStrap" type="boot" body="BootStrap" file ="firmware/u-boot-imx6dl%board%_%nand%.imx" ifdev="MX6D">Loading U-boot</CMD>
	<CMD state="BootStrap" type="boot" body="BootStrap" file ="firmware/u-boot-imx6sx%sxuboot%_%nand%.imx" ifdev="MX6SX">Loading U-boot</CMD>
	<CMD state="BootStrap" type="boot" body="BootStrap" file ="firmware/u-boot-imx7d%7duboot%_%nand%.imx" ifdev="MX7D">Loading U-boot</CMD>
	<CMD state="BootStrap" type="boot" body="BootStrap" file ="firmware/u-boot-imx6ul%6uluboot%_%nand%.imx" ifdev="MX6UL">Loading U-boot</CMD>

	<CMD state="BootStrap" type="load" file="firmware/zImage" address="0x12000000"
		loadSection="OTH" setSection="OTH" HasFlashHeader="FALSE" ifdev="MX6Q MX6D">Loading Kernel.</CMD>
	<CMD state="BootStrap" type="load" file="firmware/zImage" address="0x80800000"
		loadSection="OTH" setSection="OTH" HasFlashHeader="FALSE" ifdev="MX6SL MX6SX MX7D MX6UL">Loading Kernel.</CMD>

	<CMD state="BootStrap" type="load" file="firmware/%initramfs%" address="0x12C00000"
		loadSection="OTH" setSection="OTH" HasFlashHeader="FALSE" ifdev="MX6Q MX6D">Loading Initramfs.</CMD>
	<CMD state="BootStrap" type="load" file="firmware/%initramfs%" address="0x83800000"
				loadSection="OTH" setSection="OTH" HasFlashHeader="FALSE" ifdev="MX6SL MX6SX MX7D MX6UL">Loading Initramfs.</CMD>

	<CMD state="BootStrap" type="load" file="firmware/zImage-imx6q%plus%-%board%-%nanddtb%.dtb" address="0x18000000"
		loadSection="OTH" setSection="OTH" HasFlashHeader="FALSE" ifdev="MX6Q">Loading device tree.</CMD>
	<CMD state="BootStrap" type="load" file="firmware/zImage-imx6dl-%board%-%nanddtb%.dtb" address="0x18000000"
		loadSection="OTH" setSection="OTH" HasFlashHeader="FALSE" ifdev="MX6D">Loading device tree.</CMD>
	<CMD state="BootStrap" type="load" file="firmware/zImage-imx6sx-%sxdtb%-%nanddtb%.dtb" address="0x83000000"
				loadSection="OTH" setSection="OTH" HasFlashHeader="FALSE" ifdev="MX6SX">Loading device tree.</CMD>
	<CMD state="BootStrap" type="load" file="firmware/zImage-imx7d-%7ddtb%-%nanddtb%.dtb" address="0x83000000"
				loadSection="OTH" setSection="OTH" HasFlashHeader="FALSE" ifdev="MX7D">Loading device tree.</CMD>
	<CMD state="BootStrap" type="load" file="firmware/zImage-imx6ul-%6uldtb%-%nanddtb%.dtb" address="0x83000000"
		loadSection="OTH" setSection="OTH" HasFlashHeader="FALSE" ifdev="MX6UL">Loading device tree.</CMD>

	<CMD state="BootStrap" type="jump" > Jumping to OS image. </CMD>

	<!--burn the uboot to NAND: -->	
	<CMD state="Updater" type="push" body="$ flash_erase /dev/mtd%part_uboot% 0 0">Erasing Boot partition</CMD>
	<CMD state="Updater" type="push" body="send" file="files/u-boot-imx6q%plus%%board%_%nand%.imx" ifdev="MX6Q">Sending U-Boot</CMD>
	<CMD state="Updater" type="push" body="send" file="files/u-boot-imx6dl%board%_%nand%.imx" ifdev="MX6D">Sending U-Boot</CMD>
	<CMD state="Updater" type="push" body="send" file="files/u-boot-imx6sx%sxuboot%_%nand%.imx" ifdev="MX6SX">Sending U-Boot</CMD>
	<CMD state="Updater" type="push" body="send" file="files/u-boot-imx7d%7duboot%_%nand%.imx" ifdev="MX7D">Sending U-Boot</CMD>
	<CMD state="Updater" type="push" body="send" file="files/u-boot-imx6ul%6uluboot%_%nand%.imx" ifdev="MX6UL">Sending u-boot.bin</CMD>
	<CMD state="Updater" type="push" body="$ kobs-ng init -x -v --chip_0_device_path=/dev/mtd%part_uboot% $FILE">Flashing Bootloader</CMD>

	<!--burn the kernel to NAND: -->
	<CMD state="Updater" type="push" body="$ flash_erase /dev/mtd%part_kernel% 0 0">Erasing Kernel partition</CMD>
	<CMD state="Updater" type="push" body="send" file="files/zImage">Sending kernel zImage</CMD>
	<CMD state="Updater" type="push" body="$ nandwrite -p /dev/mtd%part_kernel% -p $FILE">Flashing Kernel</CMD>


	<CMD state="Updater" type="push" body="$ flash_erase /dev/mtd%part_dtb% 0 0">Erasing dtb partition</CMD>
	<CMD state="Updater" type="push" body="send" file="files/zImage-imx6q%plus%-%board%-%nanddtb%.dtb" ifdev="MX6Q">Sending Device Tree file</CMD>
	<CMD state="Updater" type="push" body="send" file="files/zImage-imx6dl-%board%-%nanddtb%.dtb" ifdev="MX6D">Sending Device Tree file</CMD>
	<CMD state="Updater" type="push" body="send" file="files/zImage-imx6sx-%sxdtb%-%nanddtb%.dtb" ifdev="MX6SX">Sending Device Tree file</CMD>
	<CMD state="Updater" type="push" body="send" file="files/zImage-imx7d-%7ddtb%-%nanddtb%.dtb" ifdev="MX7D">Sending Device Tree file</CMD>
	<CMD state="Updater" type="push" body="send" file="files/zImage-imx6ul-%6uldtb%-%nanddtb%.dtb" ifdev="MX6UL">Sending Device Tree file</CMD>
	<CMD state="Updater" type="push" body="$ nandwrite -p /dev/mtd%part_dtb% -p $FILE">Flashing dtb</CMD>

	<!--burn the rootfs to NAND: -->
	<CMD state="Updater" type="push" body="$ flash_erase /dev/mtd%part_rootfs% 0 0">Erasing rootfs partition</CMD>
	<CMD state="Updater" type="push" body="$ ubiformat /dev/mtd%part_rootfs%"/>
	<CMD state="Updater" type="push" body="$ ubiattach /dev/ubi_ctrl -m %part_rootfs%">Attaching UBI partition</CMD>
	<CMD state="Updater" type="push" body="$ ubimkvol /dev/ubi0 -Nrootfs -m"/>
	<CMD state="Updater" type="push" body="$ mkdir -p /mnt/mtd%part_rootfs%"/>
	<CMD state="Updater" type="push" body="$ mount -t ubifs ubi0:rootfs /mnt/mtd%part_rootfs%"/>
	<CMD state="Updater" type="push" body="pipe tar -jxv -C /mnt/mtd%part_rootfs%" file="files/rootfs.tar.bz2" ifdev="MX6SL MX6D MX6Q MX6SX">Sending and writting rootfs</CMD>
	<CMD state="Updater" type="push" body="pipe tar -jxv -C /mnt/mtd%part_rootfs%" file="files/rootfs_nogpu.tar.bz2" ifdev="MX6UL MX7D">Sending and writting rootfs</CMD>
	<CMD state="Updater" type="push" body="frf">Finishing rootfs write</CMD>
	<CMD state="Updater" type="push" body="$ umount /mnt/mtd%part_rootfs%">Unmounting rootfs partition</CMD>

	<CMD state="Updater" type="push" body="$ echo Update Complete!">Done</CMD>
  </LIST>

  <LIST name="Nand-Android-IMX6Q-SabreAuto" desc="Choose NAND as media">
	<CMD state="BootStrap" type="boot" body="BootStrap" file ="firmware/u-boot-imx6q%board%_%nand%.imx" ifdev="MX6Q">Loading U-boot</CMD>
	<CMD state="BootStrap" type="boot" body="BootStrap" file ="firmware/u-boot-imx6dl%board%_%nand%.imx" ifdev="MX6D">Loading U-boot</CMD>

	<CMD state="BootStrap" type="load" file="firmware/zImage" address="0x12000000"
		loadSection="OTH" setSection="OTH" HasFlashHeader="FALSE" >Loading Kernel.</CMD>
	<CMD state="BootStrap" type="load" file="firmware/%initramfs%" address="0x12C00000"
		loadSection="OTH" setSection="OTH" HasFlashHeader="FALSE" >Loading Initramfs.</CMD>

	<CMD state="BootStrap" type="load" file="firmware/zImage-imx6q-%board%-%nanddtb%.dtb" address="0x18000000"
		loadSection="OTH" setSection="OTH" HasFlashHeader="FALSE" ifdev="MX6Q">Loading device tree.</CMD>
	<CMD state="BootStrap" type="load" file="firmware/zImage-imx6dl-%board%-%nanddtb%.dtb" address="0x18000000"
		loadSection="OTH" setSection="OTH" HasFlashHeader="FALSE" ifdev="MX6D">Loading device tree.</CMD>

	<CMD state="BootStrap" type="jump" > Jumping to OS image. </CMD>


    <CMD state="Updater" type="push" body="$ ls -l /dev/mtd*">List MTD partition</CMD>
    <CMD state="Updater" type="push" body="$ cat /proc/mtd ">Cat MTD partition</CMD>
    <CMD state="Updater" type="push" body="$ flash_erase /dev/mtd2 0 0">Erasing Boot partition</CMD>
    <CMD state="Updater" type="push" body="send" file="files/android/sabreauto/u-boot-imx6q-nand.imx">Sending U-Boot</CMD>
    <CMD state="Updater" type="push" body="$ kobs-ng init -x -v --chip_0_device_path=/dev/mtd2 $FILE">write U-Boot to NAND</CMD>
    <CMD state="Updater" type="push" body="frf">Finishing U-Boot write</CMD>
    <CMD state="Updater" type="push" body="$ flash_erase /dev/mtd3 0 0">Erasing Kernel partition</CMD>
    <CMD state="Updater" type="push" body="frf">Finishing Kernel partition Erasing</CMD>
    <CMD state="Updater" type="push" body="send" file="files/android/sabreauto/boot-imx6q-nand.img">Sending and writting boot.img</CMD>
    <CMD state="Updater" type="push" body="$ nandwrite -p /dev/mtd3 $FILE">Flashing Kernel</CMD>
    <CMD state="Updater" type="push" body="frf">Finishing Kernel write</CMD>
    <CMD state="Updater" type="push" body="$ flash_erase /dev/mtd4 0 0">Erasing Recovery partition</CMD>
    <CMD state="Updater" type="push" body="frf">Finishing Recovery partition Erasing</CMD>
    <CMD state="Updater" type="push" body="send" file="files/android/sabreauto/recovery-imx6q-nand.img">Sending recovery Image</CMD>
    <CMD state="Updater" type="push" body="$ nandwrite -p /dev/mtd4 $FILE">Flashing recovery</CMD>
    <CMD state="Updater" type="push" body="frf">Finishing recovery write</CMD>
    <CMD state="Updater" type="push" body="pipe ubiformat -y /dev/mtd5 -f - -S @FILESIZE"
        file="files/android/sabreauto/android_root.img"> Programming Android Root partition </CMD>
    <CMD state="Updater" type="push" body="frf">Finishing Android Root partition write</CMD>
    <CMD state="Updater" type="push" body="$ ubiattach /dev/ubi_ctrl -m 5">Attaching UBI partition</CMD>
    <CMD state="Updater" type="push" body="$ echo Update Complete!">Done</CMD>
  </LIST>
 
   <LIST name="Nand-Android-IMX6QP-SabreAuto" desc="Choose NAND as media">
	<CMD state="BootStrap" type="boot" body="BootStrap" file ="firmware/u-boot-imx6qp%board%_%nand%.imx" ifdev="MX6Q">Loading U-boot</CMD>
	<CMD state="BootStrap" type="boot" body="BootStrap" file ="firmware/u-boot-imx6dl%board%_%nand%.imx" ifdev="MX6D">Loading U-boot</CMD>

	<CMD state="BootStrap" type="load" file="firmware/zImage" address="0x12000000"
		loadSection="OTH" setSection="OTH" HasFlashHeader="FALSE" >Loading Kernel.</CMD>
	<CMD state="BootStrap" type="load" file="firmware/%initramfs%" address="0x12C00000"
		loadSection="OTH" setSection="OTH" HasFlashHeader="FALSE" >Loading Initramfs.</CMD>

	<CMD state="BootStrap" type="load" file="firmware/zImage-imx6qp-%board%-%nanddtb%.dtb" address="0x18000000"
		loadSection="OTH" setSection="OTH" HasFlashHeader="FALSE" ifdev="MX6Q">Loading device tree.</CMD>
	<CMD state="BootStrap" type="load" file="firmware/zImage-imx6dl-%board%-%nanddtb%.dtb" address="0x18000000"
		loadSection="OTH" setSection="OTH" HasFlashHeader="FALSE" ifdev="MX6D">Loading device tree.</CMD>

	<CMD state="BootStrap" type="jump" > Jumping to OS image. </CMD>


    <CMD state="Updater" type="push" body="$ ls -l /dev/mtd*">List MTD partition</CMD>
    <CMD state="Updater" type="push" body="$ cat /proc/mtd ">Cat MTD partition</CMD>
    <CMD state="Updater" type="push" body="$ flash_erase /dev/mtd2 0 0">Erasing Boot partition</CMD>
    <CMD state="Updater" type="push" body="send" file="files/android/sabreauto/u-boot-imx6qp-nand.imx">Sending U-Boot</CMD>
    <CMD state="Updater" type="push" body="$ kobs-ng init -x -v --chip_0_device_path=/dev/mtd2 $FILE">write U-Boot to NAND</CMD>
    <CMD state="Updater" type="push" body="frf">Finishing U-Boot write</CMD>
    <CMD state="Updater" type="push" body="$ flash_erase /dev/mtd3 0 0">Erasing Kernel partition</CMD>
    <CMD state="Updater" type="push" body="frf">Finishing Kernel partition Erasing</CMD>
    <CMD state="Updater" type="push" body="send" file="files/android/sabreauto/boot-imx6qp-nand.img">Sending and writting boot.img</CMD>
    <CMD state="Updater" type="push" body="$ nandwrite -p /dev/mtd3 $FILE">Flashing Kernel</CMD>
    <CMD state="Updater" type="push" body="frf">Finishing Kernel write</CMD>
    <CMD state="Updater" type="push" body="$ flash_erase /dev/mtd4 0 0">Erasing Recovery partition</CMD>
    <CMD state="Updater" type="push" body="frf">Finishing Recovery partition Erasing</CMD>
    <CMD state="Updater" type="push" body="send" file="files/android/sabreauto/recovery-imx6qp-nand.img">Sending recovery Image</CMD>
    <CMD state="Updater" type="push" body="$ nandwrite -p /dev/mtd4 $FILE">Flashing recovery</CMD>
    <CMD state="Updater" type="push" body="frf">Finishing recovery write</CMD>
    <CMD state="Updater" type="push" body="pipe ubiformat -y /dev/mtd5 -f - -S @FILESIZE"
        file="files/android/sabreauto/android_root.img"> Programming Android Root partition </CMD>
    <CMD state="Updater" type="push" body="frf">Finishing Android Root partition write</CMD>
    <CMD state="Updater" type="push" body="$ ubiattach /dev/ubi_ctrl -m 5">Attaching UBI partition</CMD>
    <CMD state="Updater" type="push" body="$ echo Update Complete!">Done</CMD>
  </LIST>

  <LIST name="Nand-Android-IMX6SX-SabreAuto" desc="Choose NAND as media">
	<CMD state="BootStrap" type="boot" body="BootStrap" file ="firmware/u-boot-imx6q%board%_%nand%.imx" ifdev="MX6Q">Loading U-boot</CMD>
	<CMD state="BootStrap" type="boot" body="BootStrap" file ="firmware/u-boot-imx6dl%board%_%nand%.imx" ifdev="MX6D">Loading U-boot</CMD>
	<CMD state="BootStrap" type="boot" body="BootStrap" file ="firmware/u-boot-imx6slevk_sd.imx" ifdev="MX6SL">Loading U-boot</CMD>
	<CMD state="BootStrap" type="boot" body="BootStrap" file ="firmware/u-boot-imx6sx%board%_nand.imx" ifdev="MX6SX">Loading U-boot</CMD>
	

	<CMD state="BootStrap" type="load" file="firmware/zImage" address="0x80800000"
		loadSection="OTH" setSection="OTH" HasFlashHeader="FALSE" ifdev="MX6SL MX6SX">Loading Kernel.</CMD>
		
	<CMD state="BootStrap" type="load" file="firmware/%initramfs%" address="0x83800000"
		loadSection="OTH" setSection="OTH" HasFlashHeader="FALSE" ifdev="MX6SL MX6SX">Loading Initramfs.</CMD>
		
	<CMD state="BootStrap" type="load" file="firmware/zImage-imx6sx-%board%-%nanddtb%.dtb" address="0x83000000"
		loadSection="OTH" setSection="OTH" HasFlashHeader="FALSE" ifdev="MX6SX">Loading device tree.</CMD>



	<CMD state="BootStrap" type="jump" > Jumping to OS image. </CMD>


    <CMD state="Updater" type="push" body="$ ls -l /dev/mtd*">List MTD partition</CMD>
    <CMD state="Updater" type="push" body="$ cat /proc/mtd ">Cat MTD partition</CMD>
    <CMD state="Updater" type="push" body="$ mtdinfo /dev/mtd4 -u">show MTD info</CMD>
    <CMD state="Updater" type="push" body="$ flash_erase /dev/mtd2 0 0">Erasing Boot partition</CMD>
    <CMD state="Updater" type="push" body="send" file="files/android/sabreauto/u-boot-imx6sx-nand.imx">Sending U-Boot</CMD>
    <CMD state="Updater" type="push" body="$ kobs-ng init -x -v --chip_0_device_path=/dev/mtd2 $FILE">write U-Boot to NAND</CMD>
    <CMD state="Updater" type="push" body="frf">Finishing U-Boot write</CMD>
    <CMD state="Updater" type="push" body="$ flash_erase /dev/mtd3 0 0">Erasing Kernel partition</CMD>
    <CMD state="Updater" type="push" body="frf">Finishing Kernel partition Erasing</CMD>
    <CMD state="Updater" type="push" body="send" file="files/android/sabreauto/boot-imx6sx-nand.img">Sending and writting boot.img</CMD>
    <CMD state="Updater" type="push" body="$ nandwrite -p /dev/mtd3 $FILE">Flashing Kernel</CMD>
    <CMD state="Updater" type="push" body="frf">Finishing Kernel write</CMD>
    <CMD state="Updater" type="push" body="$ flash_erase /dev/mtd4 0 0">Erasing Recovery partition</CMD>
    <CMD state="Updater" type="push" body="frf">Finishing Recovery partition Erasing</CMD>
    <CMD state="Updater" type="push" body="send" file="files/android/sabreauto/recovery-imx6sx-nand.img">Sending recovery Image</CMD>
    <CMD state="Updater" type="push" body="$ nandwrite -p /dev/mtd4 $FILE">Flashing recovery</CMD>
    <CMD state="Updater" type="push" body="frf">Finishing recovery write</CMD>
    <CMD state="Updater" type="push" body="pipe ubiformat -y /dev/mtd5 -f - -S @FILESIZE"
        file="files/android/sabreauto/android_root.img"> Programming Android Root partition </CMD>
    <CMD state="Updater" type="push" body="frf">Finishing Android Root partition write</CMD>
    <CMD state="Updater" type="push" body="$ ubiattach /dev/ubi_ctrl -m 5">Attaching UBI partition</CMD>
    <CMD state="Updater" type="push" body="$ echo Update Complete!">Done</CMD>
  </LIST>

  <LIST name="Nand-Android-IMX6DL-SabreAuto" desc="Choose NAND as media">
	<CMD state="BootStrap" type="boot" body="BootStrap" file ="firmware/u-boot-imx6q%board%_%nand%.imx" ifdev="MX6Q">Loading U-boot</CMD>
	<CMD state="BootStrap" type="boot" body="BootStrap" file ="firmware/u-boot-imx6dl%board%_%nand%.imx" ifdev="MX6D">Loading U-boot</CMD>

	<CMD state="BootStrap" type="load" file="firmware/zImage" address="0x12000000"
		loadSection="OTH" setSection="OTH" HasFlashHeader="FALSE" >Loading Kernel.</CMD>
	<CMD state="BootStrap" type="load" file="firmware/%initramfs%" address="0x12C00000"
		loadSection="OTH" setSection="OTH" HasFlashHeader="FALSE" >Loading Initramfs.</CMD>

	<CMD state="BootStrap" type="load" file="firmware/zImage-imx6q-%board%-%nanddtb%.dtb" address="0x18000000"
		loadSection="OTH" setSection="OTH" HasFlashHeader="FALSE" ifdev="MX6Q">Loading device tree.</CMD>
	<CMD state="BootStrap" type="load" file="firmware/zImage-imx6dl-%board%-%nanddtb%.dtb" address="0x18000000"
		loadSection="OTH" setSection="OTH" HasFlashHeader="FALSE" ifdev="MX6D">Loading device tree.</CMD>

	<CMD state="BootStrap" type="jump" > Jumping to OS image. </CMD>


    <CMD state="Updater" type="push" body="$ ls -l /dev/mtd*">List MTD partition</CMD>
    <CMD state="Updater" type="push" body="$ cat /proc/mtd ">Cat MTD partition</CMD>
    <CMD state="Updater" type="push" body="$ flash_erase /dev/mtd2 0 0">Erasing Boot partition</CMD>
    <CMD state="Updater" type="push" body="send" file="files/android/sabreauto/u-boot-imx6dl-nand.imx">Sending U-Boot</CMD>
    <CMD state="Updater" type="push" body="$ kobs-ng init -x -v --chip_0_device_path=/dev/mtd2 $FILE">write U-Boot to NAND</CMD>
    <CMD state="Updater" type="push" body="frf">Finishing U-Boot write</CMD>
    <CMD state="Updater" type="push" body="$ flash_erase /dev/mtd3 0 0">Erasing Kernel partition</CMD>
    <CMD state="Updater" type="push" body="frf">Finishing Kernel partition Erasing</CMD>
    <CMD state="Updater" type="push" body="send" file="files/android/sabreauto/boot-imx6dl-nand.img">Sending and writting boot.img</CMD>
    <CMD state="Updater" type="push" body="$ nandwrite -p /dev/mtd3 $FILE">Flashing Kernel</CMD>
    <CMD state="Updater" type="push" body="frf">Finishing Kernel write</CMD>
    <CMD state="Updater" type="push" body="$ flash_erase /dev/mtd4 0 0">Erasing Recovery partition</CMD>
    <CMD state="Updater" type="push" body="frf">Finishing Recovery partition Erasing</CMD>
    <CMD state="Updater" type="push" body="send" file="files/android/sabreauto/recovery-imx6dl-nand.img">Sending recovery Image</CMD>
    <CMD state="Updater" type="push" body="$ nandwrite -p /dev/mtd4 $FILE">Flashing recovery</CMD>
    <CMD state="Updater" type="push" body="frf">Finishing recovery write</CMD>
    <CMD state="Updater" type="push" body="pipe ubiformat -y /dev/mtd5 -f - -S @FILESIZE"
        file="files/android/sabreauto/android_root.img"> Programming Android Root partition </CMD>
    <CMD state="Updater" type="push" body="frf">Finishing Android Root partition write</CMD>
    <CMD state="Updater" type="push" body="$ ubiattach /dev/ubi_ctrl -m 5">Attaching UBI partition</CMD>
    <CMD state="Updater" type="push" body="$ echo Update Complete!">Done</CMD>
  </LIST>
</UCL>
